"R0","waneRate","OPVtrans","ramp","vaccRate","finalPrev"
4,0.07,0.025,2,0,0.00306037235251
4,0.07,0.025,2,0.1,0.00217784223104
4,0.07,0.025,2,0.2,0.00143408863852
4,0.07,0.025,2,0.3,0.000798414595339
4,0.07,0.025,2,0.4,0.000245282390181
4,0.07,0.025,2,0.5,4.64308217578e-147
4,0.07,0.025,2,0.6,3.83889006818649e-321
4,0.07,0.025,2,0.7,2.87052140233764e-321
4,0.07,0.025,2,0.8,2.53949741962401e-321
4,0.07,0.025,2,0.9,2.30234590962021e-321
4,0.07,0.025,2,1,1.20057951939423e-321
4,0.07,0.025,2,1.1,1.07212245147551e-321
4,0.07,0.025,2,1.2,1.03753785626662e-321
4,0.07,0.025,2,1.3,1.25986739689518e-321
4,0.07,0.025,2,1.4,1.08200376439233e-321
4,0.07,0.025,2,1.5,1.11164770314280e-321
4,0.07,0.025,2,1.6,1.16105426772693e-321
4,0.07,0.025,2,1.7,1.09188507730915e-321
4,0.07,0.025,2,1.8,1.26480805335359e-321
4,0.07,0.025,2,1.9,1.26480805335359e-321
4,0.07,0.025,2,2,9.14021444806306e-322
4,0.07,0.025,2,2.1,2.37151510003798e-322
4,0.07,0.025,2,2.2,2.71736105212686e-322
4,0.07,0.025,2,2.3,6.02760087926321e-322
4,0.07,0.025,2,2.4,5.43472210425371e-322
4,0.07,0.025,2,2.5,5.43472210425371e-322
4,0.07,0.025,2,2.6,6.4228533959362e-322
4,0.07,0.025,2,2.7,7.26276499386632e-322
4,0.07,0.025,2,2.8,4.89124989382834e-322
4,0.07,0.025,2,2.9,1.26974870981200e-321
4,0.07,0.025,2,3,1.26480805335359e-321
6,0.07,0.025,2,0,0.00356545315135
6,0.07,0.025,2,0.1,0.00273685720829
6,0.07,0.025,2,0.2,0.00203221291279
6,0.07,0.025,2,0.3,0.00143460245718
6,0.07,0.025,2,0.4,0.000923454705013
6,0.07,0.025,2,0.5,0.000478973246194
6,0.07,0.025,2,0.6,8.52650475062e-05
6,0.07,0.025,2,0.7,4.99992629805e-173
6,0.07,0.025,2,0.8,5.46436604300419e-321
6,0.07,0.025,2,0.9,4.06121960881505e-321
6,0.07,0.025,2,1,2.89028402817129e-321
6,0.07,0.025,2,1.1,2.62842923587543e-321
6,0.07,0.025,2,1.2,2.33693050482910e-321
6,0.07,0.025,2,1.3,3.58691658880745e-321
6,0.07,0.025,2,1.4,3.02368175254843e-321
6,0.07,0.025,2,1.5,2.46044691628941e-321
6,0.07,0.025,2,1.6,2.61854792295861e-321
6,0.07,0.025,2,1.7,2.41598100816370e-321
6,0.07,0.025,2,1.8,3.14719816400874e-321
6,0.07,0.025,2,1.9,3.14719816400874e-321
6,0.07,0.025,2,2,1.99602520919864e-321
6,0.07,0.025,2,2.1,4.15015142506647e-322
6,0.07,0.025,2,2.2,5.73116149175846e-322
6,0.07,0.025,2,2.3,7.50979781678695e-322
6,0.07,0.025,2,2.4,6.8181059126092e-322
6,0.07,0.025,2,2.5,7.11454530011395e-322
6,0.07,0.025,2,2.6,3.8043054729776e-322
6,0.07,0.025,2,2.7,1.46737496814850e-321
6,0.07,0.025,2,2.8,1.51184087627421e-321
6,0.07,0.025,2,2.9,2.83593680712876e-321
6,0.07,0.025,2,3,2.85569943296241e-321
8,0.07,0.025,2,0,0.00393002195521
8,0.07,0.025,2,0.1,0.00314176676477
8,0.07,0.025,2,0.2,0.00245756740229
8,0.07,0.025,2,0.3,0.00187211825492
8,0.07,0.025,2,0.4,0.00137348555609
8,0.07,0.025,2,0.5,0.000946662041613
8,0.07,0.025,2,0.6,0.000577058725381
8,0.07,0.025,2,0.7,0.000252511901022
8,0.07,0.025,2,0.8,1.96884835467e-37
8,0.07,0.025,2,0.9,1.23777163798e-199
8,0.07,0.025,2,1,7.47027256511965e-321
8,0.07,0.025,2,1.1,6.02760087926321e-321
8,0.07,0.025,2,1.2,4.21437995902583e-321
8,0.07,0.025,2,1.3,5.61258573675656e-321
8,0.07,0.025,2,1.4,5.21239256362515e-321
8,0.07,0.025,2,1.5,3.87347466339537e-321
8,0.07,0.025,2,1.6,4.21437995902583e-321
8,0.07,0.025,2,1.7,3.61161987109951e-321
8,0.07,0.025,2,1.8,4.9159531761204e-321
8,0.07,0.025,2,1.9,3.54245068068174e-321
8,0.07,0.025,2,2,2.85569943296241e-321
8,0.07,0.025,2,2.1,1.54642547148310e-321
8,0.07,0.025,2,2.2,2.12448227711736e-321
8,0.07,0.025,2,2.3,2.37645575649640e-321
8,0.07,0.025,2,2.4,2.02566914794911e-321
8,0.07,0.025,2,2.5,1.63041663127611e-321
8,0.07,0.025,2,2.6,2.03060980440752e-321
8,0.07,0.025,2,2.7,2.13436359003419e-321
8,0.07,0.025,2,2.8,1.91203404940562e-321
8,0.07,0.025,2,2.9,4.47623475132169e-321
8,0.07,0.025,2,3,4.56022591111471e-321
10,0.07,0.025,2,0,0.00422718081867
10,0.07,0.025,2,0.1,0.0034770774723
10,0.07,0.025,2,0.2,0.00281179447818
10,0.07,0.025,2,0.3,0.00223356156065
10,0.07,0.025,2,0.4,0.00173801575522
10,0.07,0.025,2,0.5,0.00131572759775
10,0.07,0.025,2,0.6,0.000955122168291
10,0.07,0.025,2,0.7,0.000645137316647
10,0.07,0.025,2,0.8,0.000376695812203
10,0.07,0.025,2,0.9,0.000142534247491
10,0.07,0.025,2,1,1.02397793556e-55
10,0.07,0.025,2,1.1,2.65593005409e-170
10,0.07,0.025,2,1.2,5.9997861324e-275
10,0.07,0.025,2,1.3,9.7479151924478e-321
10,0.07,0.025,2,1.4,8.49792910846944e-321
10,0.07,0.025,2,1.5,7.1738331776149e-321
10,0.07,0.025,2,1.6,7.7271867009571e-321
10,0.07,0.025,2,1.7,5.81515265155147e-321
10,0.07,0.025,2,1.8,7.71730538804027e-321
10,0.07,0.025,2,1.9,5.9436097194702e-321
10,0.07,0.025,2,2,4.58986984986518e-321
10,0.07,0.025,2,2.1,2.82605549421193e-321
10,0.07,0.025,2,2.2,3.15707947692557e-321
10,0.07,0.025,2,2.3,3.59679790172427e-321
10,0.07,0.025,2,2.4,3.71537365672617e-321
10,0.07,0.025,2,2.5,3.01874109609002e-321
10,0.07,0.025,2,2.6,3.08296963004938e-321
10,0.07,0.025,2,2.7,3.45845952088873e-321
10,0.07,0.025,2,2.8,3.33494310942841e-321
10,0.07,0.025,2,2.9,6.71929278344095e-321
10,0.07,0.025,2,3,6.64024228010635e-321
12,0.07,0.025,2,0,0.00448322644503
12,0.07,0.025,2,0.1,0.00377014975998
12,0.07,0.025,2,0.2,0.00312534080741
12,0.07,0.025,2,0.3,0.00255523562153
12,0.07,0.025,2,0.4,0.00206101804002
12,0.07,0.025,2,0.5,0.00163845630124
12,0.07,0.025,2,0.6,0.00127957214368
12,0.07,0.025,2,0.7,0.000975069147481
12,0.07,0.025,2,0.8,0.00071626160262
12,0.07,0.025,2,0.9,0.000495995387063
12,0.07,0.025,2,1,0.000308726605049
12,0.07,0.025,2,1.1,0.00015012553729
12,0.07,0.025,2,1.2,1.7012983697e-05
12,0.07,0.025,2,1.3,1.38646103973e-77
12,0.07,0.025,2,1.4,5.22630281321e-147
12,0.07,0.025,2,1.5,1.14470795523e-208
12,0.07,0.025,2,1.6,2.67169091955e-259
12,0.07,0.025,2,1.7,1.55974139218e-301
12,0.07,0.025,2,1.8,1.54148481502469e-320
12,0.07,0.025,2,1.9,1.06471146678789e-320
12,0.07,0.025,2,2,8.27065891138247e-321
12,0.07,0.025,2,2.1,5.7459834611337e-321
12,0.07,0.025,2,2.2,6.47720061697874e-321
12,0.07,0.025,2,2.3,7.04537610969618e-321
12,0.07,0.025,2,2.4,7.06513873552983e-321
12,0.07,0.025,2,2.5,6.03254153572162e-321
12,0.07,0.025,2,2.6,6.23510845051653e-321
12,0.07,0.025,2,2.7,5.98807562759591e-321
12,0.07,0.025,2,2.8,5.9040844678029e-321
12,0.07,0.025,2,2.9,1.08447409262154e-320
12,0.07,0.025,2,3,1.06569959807957e-320
14,0.07,0.025,2,0,0.00471112802044
14,0.07,0.025,2,0.1,0.00403361702707
14,0.07,0.025,2,0.2,0.00341079399049
14,0.07,0.025,2,0.3,0.00285106337195
14,0.07,0.025,2,0.4,0.00235921987334
14,0.07,0.025,2,0.5,0.00193525150548
14,0.07,0.025,2,0.6,0.00157475206877
14,0.07,0.025,2,0.7,0.00127063270988
14,0.07,0.025,2,0.8,0.00101505760357
14,0.07,0.025,2,0.9,0.000800750978857
14,0.07,0.025,2,1,0.000621500912891
14,0.07,0.025,2,1.1,0.000472118586331
14,0.07,0.025,2,1.2,0.000348182397888
14,0.07,0.025,2,1.3,0.00024580474468
14,0.07,0.025,2,1.4,0.000161342587502
14,0.07,0.025,2,1.5,9.17302602819e-05
14,0.07,0.025,2,1.6,3.43777195922e-05
14,0.07,0.025,2,1.7,4.05164172511e-20
14,0.07,0.025,2,1.8,9.30382051327e-51
14,0.07,0.025,2,1.9,3.78112282987e-85
14,0.07,0.025,2,2,2.74798261257e-115
14,0.07,0.025,2,2.1,4.70393340846e-142
14,0.07,0.025,2,2.2,4.12191072732e-166
14,0.07,0.025,2,2.3,5.8675124716e-188
14,0.07,0.025,2,2.4,5.68182417754e-208
14,0.07,0.025,2,2.5,1.92084743088e-226
14,0.07,0.025,2,2.6,1.35129765345e-243
14,0.07,0.025,2,2.7,1.31702339837e-259
14,0.07,0.025,2,2.8,1.28562883767e-274
14,0.07,0.025,2,2.9,9.66617776801e-289
14,0.07,0.025,2,3,4.51126439398e-302
16,0.07,0.025,2,0,0.00491838518873
16,0.07,0.025,2,0.1,0.00427462462328
16,0.07,0.025,2,0.2,0.00367466884632
16,0.07,0.025,2,0.3,0.00312749096125
16,0.07,0.025,2,0.4,0.00263994630984
16,0.07,0.025,2,0.5,0.00221512132582
16,0.07,0.025,2,0.6,0.00185177737428
16,0.07,0.025,2,0.7,0.00154518841887
16,0.07,0.025,2,0.8,0.00128874642046
16,0.07,0.025,2,0.9,0.00107543035057
16,0.07,0.025,2,1,0.000898668704356
16,0.07,0.025,2,1.1,0.000752639736077
16,0.07,0.025,2,1.2,0.000632265539669
16,0.07,0.025,2,1.3,0.000533119852857
16,0.07,0.025,2,1.4,0.000451355932845
16,0.07,0.025,2,1.5,0.000383670842188
16,0.07,0.025,2,1.6,0.000327252273118
16,0.07,0.025,2,1.7,0.000279951117617
16,0.07,0.025,2,1.8,0.000239794397988
16,0.07,0.025,2,1.9,0.000204615095872
16,0.07,0.025,2,2,0.000174024056272
16,0.07,0.025,2,2.1,0.000147369373355
16,0.07,0.025,2,2.2,0.000123694901175
16,0.07,0.025,2,2.3,0.000102600417148
16,0.07,0.025,2,2.4,8.4128353841e-05
16,0.07,0.025,2,2.5,6.78305697615e-05
16,0.07,0.025,2,2.6,5.26026172105e-05
16,0.07,0.025,2,2.7,3.80617185307e-05
16,0.07,0.025,2,2.8,2.48138279277e-05
16,0.07,0.025,2,2.9,1.23439962208e-05
16,0.07,0.025,2,3,2.45786558822e-12
18,0.07,0.025,2,0,0.00510976553991
18,0.07,0.025,2,0.1,0.00449772977855
18,0.07,0.025,2,0.2,0.00392089392136
18,0.07,0.025,2,0.3,0.00338798248017
18,0.07,0.025,2,0.4,0.0029067697746
18,0.07,0.025,2,0.5,0.00248238652133
18,0.07,0.025,2,0.6,0.00211616652311
18,0.07,0.025,2,0.7,0.00180567416668
18,0.07,0.025,2,0.8,0.0015457839169
18,0.07,0.025,2,0.9,0.00133008907283
18,0.07,0.025,2,1,0.00115200549465
18,0.07,0.025,2,1.1,0.00100538156114
18,0.07,0.025,2,1.2,0.00088473741587
18,0.07,0.025,2,1.3,0.000785316890791
18,0.07,0.025,2,1.4,0.000703069794341
18,0.07,0.025,2,1.5,0.000634610364217
18,0.07,0.025,2,1.6,0.000577161247252
18,0.07,0.025,2,1.7,0.000528484512717
18,0.07,0.025,2,1.8,0.000486804434625
18,0.07,0.025,2,1.9,0.000450728519638
18,0.07,0.025,2,2,0.000419159124272
18,0.07,0.025,2,2.1,0.000391225852605
18,0.07,0.025,2,2.2,0.000366429034522
18,0.07,0.025,2,2.3,0.000344121104354
18,0.07,0.025,2,2.4,0.000323448241401
18,0.07,0.025,2,2.5,0.000305787639172
18,0.07,0.025,2,2.6,0.000287644396379
18,0.07,0.025,2,2.7,0.0002736327602
18,0.07,0.025,2,2.8,0.000257007485693
18,0.07,0.025,2,2.9,0.000246602281576
18,0.07,0.025,2,3,0.00023010815072
20,0.07,0.025,2,0,0.00528850270642
20,0.07,0.025,2,0.1,0.00470607994855
20,0.07,0.025,2,0.2,0.00415210850956
20,0.07,0.025,2,0.3,0.00363463777864
20,0.07,0.025,2,0.4,0.00316158257586
20,0.07,0.025,2,0.5,0.00273922531606
20,0.07,0.025,2,0.6,0.00237080920042
20,0.07,0.025,2,0.7,0.00205594796468
20,0.07,0.025,2,0.8,0.00179111886088
20,0.07,0.025,2,0.9,0.00157082844041
20,0.07,0.025,2,1,0.00138880830395
20,0.07,0.025,2,1.1,0.00123886201393
20,0.07,0.025,2,1.2,0.00111532493109
20,0.07,0.025,2,1.3,0.00101325517119
20,0.07,0.025,2,1.4,0.000928475082916
20,0.07,0.025,2,1.5,0.000857536610394
20,0.07,0.025,2,1.6,0.000797648347302
20,0.07,0.025,2,1.7,0.000746584998524
20,0.07,0.025,2,1.8,0.00070259271995
20,0.07,0.025,2,1.9,0.000664299464413
20,0.07,0.025,2,2,0.000630635650342
20,0.07,0.025,2,2.1,0.000600768197699
20,0.07,0.025,2,2.2,0.00057404422415
20,0.07,0.025,2,2.3,0.00054995514358
20,0.07,0.025,2,2.4,0.000528088360225
20,0.07,0.025,2,2.5,0.000508140920771
20,0.07,0.025,2,2.6,0.000489791116476
20,0.07,0.025,2,2.7,0.00047298836542
20,0.07,0.025,2,2.8,0.0004572209884
20,0.07,0.025,2,2.9,0.000442831094166
20,0.07,0.025,2,3,0.000429382726871
22,0.07,0.025,2,0,0.005456897944
22,0.07,0.025,2,0.1,0.00490197861869
22,0.07,0.025,2,0.2,0.00437023959043
22,0.07,0.025,2,0.3,0.00386887759919
22,0.07,0.025,2,0.4,0.00340546536059
22,0.07,0.025,2,0.5,0.00298674610234
22,0.07,0.025,2,0.6,0.00261722894087
22,0.07,0.025,2,0.7,0.00229822140543
22,0.07,0.025,2,0.8,0.00202778881007
22,0.07,0.025,2,0.9,0.00180156035403
22,0.07,0.025,2,1,0.00161386568751
22,0.07,0.025,2,1.1,0.00145871993488
22,0.07,0.025,2,1.2,0.00133046354569
22,0.07,0.025,2,1.3,0.00122408662955
22,0.07,0.025,2,1.4,0.00113534027731
22,0.07,0.025,2,1.5,0.0010607256519
22,0.07,0.025,2,1.6,0.000997421284367
22,0.07,0.025,2,1.7,0.000943185110986
22,0.07,0.025,2,1.8,0.000896252509588
22,0.07,0.025,2,1.9,0.000855241910042
22,0.07,0.025,2,2,0.000819073296398
22,0.07,0.025,2,2.1,0.000786901025839
22,0.07,0.025,2,2.2,0.00075806017488
22,0.07,0.025,2,2.3,0.000732024698968
22,0.07,0.025,2,2.4,0.000708374959873
22,0.07,0.025,2,2.5,0.000686773872623
22,0.07,0.025,2,2.6,0.000666947001041
22,0.07,0.025,2,2.7,0.000648667949159
22,0.07,0.025,2,2.8,0.000631757520979
22,0.07,0.025,2,2.9,0.000616050075344
22,0.07,0.025,2,3,0.000601406590784
4,0.07,0.1,2,0,0.00306037235251
4,0.07,0.1,2,0.1,0.00210466496729
4,0.07,0.1,2,0.2,0.00130176669885
4,0.07,0.1,2,0.3,0.000618350061077
4,0.07,0.1,2,0.4,2.55606468716e-05
4,0.07,0.1,2,0.5,1.42687357584e-262
4,0.07,0.1,2,0.6,2.75688630379416e-321
4,0.07,0.1,2,0.7,1.95649995753134e-321
4,0.07,0.1,2,0.8,1.47231562460691e-321
4,0.07,0.1,2,0.9,8.74496193139006e-322
4,0.07,0.1,2,1,7.8062372042917e-322
4,0.07,0.1,2,1.1,9.28843414181544e-322
4,0.07,0.1,2,1.2,8.89318162514244e-322
4,0.07,0.1,2,1.3,7.46039125220282e-322
4,0.07,0.1,2,1.4,9.14021444806306e-322
4,0.07,0.1,2,1.5,8.39911597930119e-322
4,0.07,0.1,2,1.6,9.18962101264719e-322
4,0.07,0.1,2,1.7,8.05327002721232e-322
4,0.07,0.1,2,1.8,8.54733567305357e-322
4,0.07,0.1,2,1.9,9.58487352932018e-322
4,0.07,0.1,2,2,9.73309322307256e-322
4,0.07,0.1,2,2.1,9.68368665848843e-322
4,0.07,0.1,2,2.2,9.18962101264719e-322
4,0.07,0.1,2,2.3,9.04140131889481e-322
4,0.07,0.1,2,2.4,8.74496193139006e-322
4,0.07,0.1,2,2.5,9.48606040015193e-322
4,0.07,0.1,2,2.6,9.8319063522408e-322
4,0.07,0.1,2,2.7,8.25089628554882e-322
4,0.07,0.1,2,2.8,9.14021444806306e-322
4,0.07,0.1,2,2.9,7.31217155845045e-322
4,0.07,0.1,2,3,8.05327002721232e-322
6,0.07,0.1,2,0,0.00356545315135
6,0.07,0.1,2,0.1,0.00266176832474
6,0.07,0.1,2,0.2,0.0018934082981
6,0.07,0.1,2,0.3,0.00124247628648
6,0.07,0.1,2,0.4,0.000686873258405
6,0.07,0.1,2,0.5,0.000205599863726
6,0.07,0.1,2,0.6,1.89078398425e-135
6,0.07,0.1,2,0.7,4.97524105362135e-321
6,0.07,0.1,2,0.8,2.76182696025257e-321
6,0.07,0.1,2,0.9,2.21835474982720e-321
6,0.07,0.1,2,1,1.93673733169769e-321
6,0.07,0.1,2,1.1,2.13436359003419e-321
6,0.07,0.1,2,1.2,2.0207284914907e-321
6,0.07,0.1,2,1.3,1.79345829440372e-321
6,0.07,0.1,2,1.4,2.02566914794911e-321
6,0.07,0.1,2,1.5,1.85274617190467e-321
6,0.07,0.1,2,1.6,1.80828026377896e-321
6,0.07,0.1,2,1.7,1.88733076711356e-321
6,0.07,0.1,2,1.8,1.85274617190467e-321
6,0.07,0.1,2,1.9,2.03555046086594e-321
6,0.07,0.1,2,2,1.91697470586404e-321
6,0.07,0.1,2,2.1,1.91203404940562e-321
6,0.07,0.1,2,2.2,1.86756814127991e-321
6,0.07,0.1,2,2.3,1.80333960732055e-321
6,0.07,0.1,2,2.4,1.71440779106913e-321
6,0.07,0.1,2,2.5,1.89227142357197e-321
6,0.07,0.1,2,2.6,1.87744945419674e-321
6,0.07,0.1,2,2.7,1.8626274848215e-321
6,0.07,0.1,2,2.8,1.67488253940183e-321
6,0.07,0.1,2,2.9,1.61559466190088e-321
6,0.07,0.1,2,3,1.56618809731675e-321
8,0.07,0.1,2,0,0.00393002195521
8,0.07,0.1,2,0.1,0.00306664492218
8,0.07,0.1,2,0.2,0.00231608286327
8,0.07,0.1,2,0.3,0.00167309997223
8,0.07,0.1,2,0.4,0.00112518543861
8,0.07,0.1,2,0.5,0.000656292005245
8,0.07,0.1,2,0.6,0.00025067481636
8,0.07,0.1,2,0.7,7.11527533241e-70
8,0.07,0.1,2,0.8,4.67852609142e-263
8,0.07,0.1,2,0.9,3.7647802213103e-321
8,0.07,0.1,2,1,3.19166407213445e-321
8,0.07,0.1,2,1.1,3.33988376588683e-321
8,0.07,0.1,2,1.2,3.05332569129890e-321
8,0.07,0.1,2,1.3,2.60866661004178e-321
8,0.07,0.1,2,1.4,2.85569943296241e-321
8,0.07,0.1,2,1.5,2.66795448754273e-321
8,0.07,0.1,2,1.6,2.72724236504368e-321
8,0.07,0.1,2,1.7,2.53949741962401e-321
8,0.07,0.1,2,1.8,2.52467545024877e-321
8,0.07,0.1,2,1.9,2.59384464066654e-321
8,0.07,0.1,2,2,2.61360726650019e-321
8,0.07,0.1,2,2.1,2.54443807608242e-321
8,0.07,0.1,2,2.2,2.44562494691417e-321
8,0.07,0.1,2,2.3,2.38139641295481e-321
8,0.07,0.1,2,2.4,2.31716787899545e-321
8,0.07,0.1,2,2.5,2.47032822920623e-321
8,0.07,0.1,2,2.6,2.39621838233005e-321
8,0.07,0.1,2,2.7,2.29246459670338e-321
8,0.07,0.1,2,2.8,2.30728656607862e-321
8,0.07,0.1,2,2.9,2.07507571253324e-321
8,0.07,0.1,2,3,2.29246459670338e-321
10,0.07,0.1,2,0,0.00422718081867
10,0.07,0.1,2,0.1,0.00340308330294
10,0.07,0.1,2,0.2,0.00267030484389
10,0.07,0.1,2,0.3,0.00203174759471
10,0.07,0.1,2,0.4,0.00148320984181
10,0.07,0.1,2,0.5,0.00101489681261
10,0.07,0.1,2,0.6,0.000614499864559
10,0.07,0.1,2,0.7,0.000270086535661
10,0.07,0.1,2,0.8,4.7184741727e-23
10,0.07,0.1,2,0.9,2.53843642107e-191
10,0.07,0.1,2,1,8.66097077159705e-321
10,0.07,0.1,2,1.1,6.15605794718193e-321
10,0.07,0.1,2,1.2,4.94559711487088e-321
10,0.07,0.1,2,1.3,4.0414569829814e-321
10,0.07,0.1,2,1.4,4.120507486316e-321
10,0.07,0.1,2,1.5,3.87347466339537e-321
10,0.07,0.1,2,1.6,3.96734713610521e-321
10,0.07,0.1,2,1.7,3.74501759547665e-321
10,0.07,0.1,2,1.8,3.5671539629738e-321
10,0.07,0.1,2,1.9,3.6857297179757e-321
10,0.07,0.1,2,2,3.66596709214205e-321
10,0.07,0.1,2,2.1,3.62644184047475e-321
10,0.07,0.1,2,2.2,3.59185724526586e-321
10,0.07,0.1,2,2.3,3.41399361276301e-321
10,0.07,0.1,2,2.4,3.41893426922143e-321
10,0.07,0.1,2,2.5,3.40411229984619e-321
10,0.07,0.1,2,2.6,3.34976507880365e-321
10,0.07,0.1,2,2.7,3.22624866734334e-321
10,0.07,0.1,2,2.8,3.31518048359476e-321
10,0.07,0.1,2,2.9,2.90016534108812e-321
10,0.07,0.1,2,3,3.2509519496354e-321
12,0.07,0.1,2,0,0.00448322644503
12,0.07,0.1,2,0.1,0.00369797455081
12,0.07,0.1,2,0.2,0.00298565708698
12,0.07,0.1,2,0.3,0.00235366185065
12,0.07,0.1,2,0.4,0.00180382079041
12,0.07,0.1,2,0.5,0.00133210277181
12,0.07,0.1,2,0.6,0.000930293532226
12,0.07,0.1,2,0.7,0.000588570433983
12,0.07,0.1,2,0.8,0.000297614081803
12,0.07,0.1,2,0.9,4.96766360556e-05
12,0.07,0.1,2,1,2.39090735061e-115
12,0.07,0.1,2,1.1,3.33581415605e-229
12,0.07,0.1,2,1.2,3.8855298651539e-319
12,0.07,0.1,2,1.3,6.55625112031334e-321
12,0.07,0.1,2,1.4,6.5414291509381e-321
12,0.07,0.1,2,1.5,6.0226602228048e-321
12,0.07,0.1,2,1.6,5.97325365822067e-321
12,0.07,0.1,2,1.7,5.53847588988037e-321
12,0.07,0.1,2,1.8,5.16792665549944e-321
12,0.07,0.1,2,1.9,5.2321551894588e-321
12,0.07,0.1,2,2,5.16792665549944e-321
12,0.07,0.1,2,2.1,4.96535974070453e-321
12,0.07,0.1,2,2.2,4.80231807757692e-321
12,0.07,0.1,2,2.3,4.76279282590962e-321
12,0.07,0.1,2,2.4,4.74303020007597e-321
12,0.07,0.1,2,2.5,4.58986984986518e-321
12,0.07,0.1,2,2.6,4.59975116278201e-321
12,0.07,0.1,2,2.7,4.56516656757312e-321
12,0.07,0.1,2,2.8,4.49105672069693e-321
12,0.07,0.1,2,2.9,4.11062617339917e-321
12,0.07,0.1,2,3,4.37742162215344e-321
14,0.07,0.1,2,0,0.00471112802044
14,0.07,0.1,2,0.1,0.00396365078179
14,0.07,0.1,2,0.2,0.0032740987471
14,0.07,0.1,2,0.3,0.00265190337517
14,0.07,0.1,2,0.4,0.0021027785559
14,0.07,0.1,2,0.5,0.00162732755902
14,0.07,0.1,2,0.6,0.00122135004269
14,0.07,0.1,2,0.7,0.000877590021922
14,0.07,0.1,2,0.8,0.000587803750005
14,0.07,0.1,2,0.9,0.00034420618013
14,0.07,0.1,2,1,0.000140068553292
14,0.07,0.1,2,1.1,2.26930744503e-30
14,0.07,0.1,2,1.2,1.19835352962e-128
14,0.07,0.1,2,1.3,8.43106015645e-208
14,0.07,0.1,2,1.4,1.77950126071e-272
14,0.07,0.1,2,1.5,1.11164770314280e-320
14,0.07,0.1,2,1.6,9.88625357328334e-321
14,0.07,0.1,2,1.7,8.57203895534563e-321
14,0.07,0.1,2,1.8,8.10267659179644e-321
14,0.07,0.1,2,1.9,7.67778013637297e-321
14,0.07,0.1,2,2,7.46533190866124e-321
14,0.07,0.1,2,2.1,7.1738331776149e-321
14,0.07,0.1,2,2.2,6.90209707240221e-321
14,0.07,0.1,2,2.3,6.67482687531524e-321
14,0.07,0.1,2,2.4,6.64518293656477e-321
14,0.07,0.1,2,2.5,6.31909961030954e-321
14,0.07,0.1,2,2.6,6.28451501510066e-321
14,0.07,0.1,2,2.7,6.20546451176606e-321
14,0.07,0.1,2,2.8,6.17087991655717e-321
14,0.07,0.1,2,2.9,6.04242284863845e-321
14,0.07,0.1,2,3,6.12147335197304e-321
16,0.07,0.1,2,0,0.00491838518873
16,0.07,0.1,2,0.1,0.00420706280874
16,0.07,0.1,2,0.2,0.00354169631639
16,0.07,0.1,2,0.3,0.00293224419123
16,0.07,0.1,2,0.4,0.0023865903409
16,0.07,0.1,2,0.5,0.00190870003242
16,0.07,0.1,2,0.6,0.00149788997169
16,0.07,0.1,2,0.7,0.00114960001066
16,0.07,0.1,2,0.8,0.000857054155484
16,0.07,0.1,2,0.9,0.000612845433183
16,0.07,0.1,2,1,0.000409905497728
16,0.07,0.1,2,1.1,0.000241873554376
16,0.07,0.1,2,1.2,0.000103113883078
16,0.07,0.1,2,1.3,1.66031596247e-21
16,0.07,0.1,2,1.4,3.10696319695e-91
16,0.07,0.1,2,1.5,2.00042708907e-149
16,0.07,0.1,2,1.6,9.45827777969e-199
16,0.07,0.1,2,1.7,3.3785928676e-241
16,0.07,0.1,2,1.8,3.00461507352e-278
16,0.07,0.1,2,1.9,5.17813397823988e-311
16,0.07,0.1,2,2,1.25640893737429e-320
16,0.07,0.1,2,2.1,1.17933469662306e-320
16,0.07,0.1,2,2.2,1.10769517797607e-320
16,0.07,0.1,2,2.3,1.07706310793392e-320
16,0.07,0.1,2,2.4,1.01678709914129e-320
16,0.07,0.1,2,2.5,9.76767781828144e-321
16,0.07,0.1,2,2.6,9.45147580494305e-321
16,0.07,0.1,2,2.7,9.00681672368592e-321
16,0.07,0.1,2,2.8,8.8783596557672e-321
16,0.07,0.1,2,2.9,8.62144551992975e-321
16,0.07,0.1,2,3,8.52757304721992e-321
18,0.07,0.1,2,0,0.00510976553991
18,0.07,0.1,2,0.1,0.00443264150293
18,0.07,0.1,2,0.2,0.00379206070267
18,0.07,0.1,2,0.3,0.00319763320596
18,0.07,0.1,2,0.4,0.00265816131323
18,0.07,0.1,2,0.5,0.00217978786399
18,0.07,0.1,2,0.6,0.00176464676607
18,0.07,0.1,2,0.7,0.00141074933917
18,0.07,0.1,2,0.8,0.00111303827967
18,0.07,0.1,2,0.9,0.00086486825889
18,0.07,0.1,2,1,0.000659216787878
18,0.07,0.1,2,1.1,0.000489388792303
18,0.07,0.1,2,1.2,0.00034932342862
18,0.07,0.1,2,1.3,0.000233692011504
18,0.07,0.1,2,1.4,0.000137905576515
18,0.07,0.1,2,1.5,5.81039004721e-05
18,0.07,0.1,2,1.6,2.45513733874e-25
18,0.07,0.1,2,1.7,6.08889998056e-71
18,0.07,0.1,2,1.8,6.50670588084e-111
18,0.07,0.1,2,1.9,2.17762566606e-146
18,0.07,0.1,2,2,3.16790388672e-178
18,0.07,0.1,2,2.1,4.47514626212e-207
18,0.07,0.1,2,2.2,1.94753267696e-233
18,0.07,0.1,2,2.3,1.07338976444e-257
18,0.07,0.1,2,2.4,3.7336136061e-280
18,0.07,0.1,2,2.5,4.71518751885e-301
18,0.07,0.1,2,2.6,3.04591470661128e-320
18,0.07,0.1,2,2.7,1.42587345389784e-320
18,0.07,0.1,2,2.8,1.41253368146012e-320
18,0.07,0.1,2,2.9,1.29988671420832e-320
18,0.07,0.1,2,3,1.30038077985416e-320
20,0.07,0.1,2,0,0.00528850270642
20,0.07,0.1,2,0.1,0.00464345261256
20,0.07,0.1,2,0.2,0.00402760778717
20,0.07,0.1,2,0.3,0.00344978215502
20,0.07,0.1,2,0.4,0.00291885121674
20,0.07,0.1,2,0.5,0.00244214177698
20,0.07,0.1,2,0.6,0.00202384090955
20,0.07,0.1,2,0.7,0.0016642238689
20,0.07,0.1,2,0.8,0.00136005187677
20,0.07,0.1,2,0.9,0.00110575494845
20,0.07,0.1,2,1,0.000894717508787
20,0.07,0.1,2,1.1,0.000720232668849
20,0.07,0.1,2,1.2,0.000576053494894
20,0.07,0.1,2,1.3,0.000456650070694
20,0.07,0.1,2,1.4,0.000357293758148
20,0.07,0.1,2,1.5,0.000274046731292
20,0.07,0.1,2,1.6,0.000203696648075
20,0.07,0.1,2,1.7,0.000143679510348
20,0.07,0.1,2,1.8,9.19460059997e-05
20,0.07,0.1,2,1.9,4.68427245114e-05
20,0.07,0.1,2,2,1.6732236491e-17
20,0.07,0.1,2,2.1,2.02558558778e-48
20,0.07,0.1,2,2.2,1.02430235781e-76
20,0.07,0.1,2,2.3,8.6539631296e-103
20,0.07,0.1,2,2.4,5.94025081461e-127
20,0.07,0.1,2,2.5,1.86471169604e-149
20,0.07,0.1,2,2.6,1.68259883411e-170
20,0.07,0.1,2,2.7,2.98377179126e-190
20,0.07,0.1,2,2.8,7.58446489415e-209
20,0.07,0.1,2,2.9,2.11983031773e-226
20,0.07,0.1,2,3,5.19978602474e-243
22,0.07,0.1,2,0,0.005456897944
22,0.07,0.1,2,0.1,0.00484174781192
22,0.07,0.1,2,0.2,0.00425010963658
22,0.07,0.1,2,0.3,0.00368982385213
22,0.07,0.1,2,0.4,0.00316932268463
22,0.07,0.1,2,0.5,0.00269635585512
22,0.07,0.1,2,0.6,0.00227643330628
22,0.07,0.1,2,0.7,0.00191166736711
22,0.07,0.1,2,0.8,0.00160058885569
22,0.07,0.1,2,0.9,0.00133891508525
22,0.07,0.1,2,1,0.00112074499766
22,0.07,0.1,2,1.1,0.000939649324146
22,0.07,0.1,2,1.2,0.000789415748341
22,0.07,0.1,2,1.3,0.000664455447511
22,0.07,0.1,2,1.4,0.000559968648924
22,0.07,0.1,2,1.5,0.000471963780878
22,0.07,0.1,2,1.6,0.000397196979493
22,0.07,0.1,2,1.7,0.000333074658322
22,0.07,0.1,2,1.8,0.000277545252445
22,0.07,0.1,2,1.9,0.000228999391912
22,0.07,0.1,2,2,0.000186169496371
22,0.07,0.1,2,2.1,0.00014804718984
22,0.07,0.1,2,2.2,0.000113868321945
22,0.07,0.1,2,2.3,8.31002719852e-05
22,0.07,0.1,2,2.4,5.50449555044e-05
22,0.07,0.1,2,2.5,3.15731478634e-05
22,0.07,0.1,2,2.6,2.29084761872e-23
22,0.07,0.1,2,2.7,2.13668668857e-44
22,0.07,0.1,2,2.8,3.37392956029e-64
22,0.07,0.1,2,2.9,6.82754561002e-83
22,0.07,0.1,2,3,1.39639670742e-100
4,0.07,0.2,2,0,0.00306037235251
4,0.07,0.2,2,0.1,0.00198589021363
4,0.07,0.2,2,0.2,0.00108699321016
4,0.07,0.2,2,0.3,0.000326135550629
4,0.07,0.2,2,0.4,4.93707319933e-163
4,0.07,0.2,2,0.5,2.35175247420433e-321
4,0.07,0.2,2,0.6,5.73116149175846e-322
4,0.07,0.2,2,0.7,5.58294179800609e-322
4,0.07,0.2,2,0.8,8.94258818972656e-322
4,0.07,0.2,2,0.9,1.05235982564186e-321
4,0.07,0.2,2,1,7.11454530011395e-322
4,0.07,0.2,2,1.1,6.66988621885683e-322
4,0.07,0.2,2,1.2,4.84184332924422e-322
4,0.07,0.2,2,1.3,4.69362363549184e-322
4,0.07,0.2,2,1.4,5.87938118551083e-322
4,0.07,0.2,2,1.5,6.37344683135208e-322
4,0.07,0.2,2,1.6,5.13828271674896e-322
4,0.07,0.2,2,1.7,6.86751247719333e-322
4,0.07,0.2,2,1.8,4.49599737715534e-322
4,0.07,0.2,2,1.9,5.82997462092671e-322
4,0.07,0.2,2,2,5.48412866883784e-322
4,0.07,0.2,2,2.1,5.92878775009496e-322
4,0.07,0.2,2,2.2,5.03946958758071e-322
4,0.07,0.2,2,2.3,6.02760087926321e-322
4,0.07,0.2,2,2.4,8.10267659179644e-322
4,0.07,0.2,2,2.5,7.0157321709457e-322
4,0.07,0.2,2,2.6,8.05327002721232e-322
4,0.07,0.2,2,2.7,8.99199475431069e-322
4,0.07,0.2,2,2.8,8.64614880222181e-322
4,0.07,0.2,2,2.9,7.31217155845045e-322
4,0.07,0.2,2,3,8.05327002721232e-322
6,0.07,0.2,2,0,0.00356545315135
6,0.07,0.2,2,0.1,0.0025399012476
6,0.07,0.2,2,0.2,0.00166810914177
6,0.07,0.2,2,0.3,0.000930601055616
6,0.07,0.2,2,0.4,0.000302780200445
6,0.07,0.2,2,0.5,2.57115082749e-131
6,0.07,0.2,2,0.6,2.52961610670718e-321
6,0.07,0.2,2,0.7,2.08001636899165e-321
6,0.07,0.2,2,0.8,1.06224113855868e-321
6,0.07,0.2,2,0.9,1.7835769814869e-321
6,0.07,0.2,2,1,1.70946713461071e-321
6,0.07,0.2,2,1.1,1.48713759398215e-321
6,0.07,0.2,2,1.2,1.22034214522788e-321
6,0.07,0.2,2,1.3,1.31421461793772e-321
6,0.07,0.2,2,1.4,1.28951133564565e-321
6,0.07,0.2,2,1.5,1.49207825044056e-321
6,0.07,0.2,2,1.6,1.11164770314280e-321
6,0.07,0.2,2,1.7,1.58101006669199e-321
6,0.07,0.2,2,1.8,1.19069820647740e-321
6,0.07,0.2,2,1.9,1.20552017585264e-321
6,0.07,0.2,2,2,1.22528280168629e-321
6,0.07,0.2,2,2.1,1.63535728773453e-321
6,0.07,0.2,2,2.2,6.27463370218383e-322
6,0.07,0.2,2,2.3,1.07706310793392e-321
6,0.07,0.2,2,2.4,1.23516411460312e-321
6,0.07,0.2,2,2.5,1.32409593085454e-321
6,0.07,0.2,2,2.6,1.42290906002279e-321
6,0.07,0.2,2,2.7,1.48219693752374e-321
6,0.07,0.2,2,2.8,1.46737496814850e-321
6,0.07,0.2,2,2.9,1.17093558064375e-321
6,0.07,0.2,2,3,1.55136612794151e-321
8,0.07,0.2,2,0,0.00393002195521
8,0.07,0.2,2,0.1,0.00294472998935
8,0.07,0.2,2,0.2,0.00208644426966
8,0.07,0.2,2,0.3,0.00135005159344
8,0.07,0.2,2,0.4,0.000722112431584
8,0.07,0.2,2,0.5,0.000184904452625
8,0.07,0.2,2,0.6,3.45419493867e-154
8,0.07,0.2,2,0.7,4.56516656757312e-321
8,0.07,0.2,2,0.8,2.68277645691797e-321
8,0.07,0.2,2,0.9,2.47032822920623e-321
8,0.07,0.2,2,1,2.17388884170148e-321
8,0.07,0.2,2,1.1,1.89721208003039e-321
8,0.07,0.2,2,1.2,1.75887369919484e-321
8,0.07,0.2,2,1.3,2.70253908275162e-321
8,0.07,0.2,2,1.4,1.79345829440372e-321
8,0.07,0.2,2,1.5,1.84286485898785e-321
8,0.07,0.2,2,1.6,1.7440517298196e-321
8,0.07,0.2,2,1.7,1.80828026377896e-321
8,0.07,0.2,2,1.8,1.76875501211166e-321
8,0.07,0.2,2,1.9,1.7045264781523e-321
8,0.07,0.2,2,2,1.59583203606723e-321
8,0.07,0.2,2,2.1,1.91697470586404e-321
8,0.07,0.2,2,2.2,1.55136612794151e-321
8,0.07,0.2,2,2.3,1.39820577773073e-321
8,0.07,0.2,2,2.4,1.99602520919864e-321
8,0.07,0.2,2,2.5,1.8626274848215e-321
8,0.07,0.2,2,2.6,1.83792420252944e-321
8,0.07,0.2,2,2.7,1.9812032398234e-321
8,0.07,0.2,2,2.8,2.00590652211546e-321
8,0.07,0.2,2,2.9,1.80333960732055e-321
8,0.07,0.2,2,3,2.04049111732435e-321
10,0.07,0.2,2,0,0.00422718081867
10,0.07,0.2,2,0.1,0.00328300174112
10,0.07,0.2,2,0.2,0.00244066372099
10,0.07,0.2,2,0.3,0.00170416864141
10,0.07,0.2,2,0.4,0.00106958423765
10,0.07,0.2,2,0.5,0.000526529198124
10,0.07,0.2,2,0.6,6.15092595894e-05
10,0.07,0.2,2,0.7,4.90348431701e-181
10,0.07,0.2,2,0.8,4.34283702694456e-321
10,0.07,0.2,2,0.9,3.6066792146411e-321
10,0.07,0.2,2,1,3.17684210275922e-321
10,0.07,0.2,2,1.1,2.84581812004558e-321
10,0.07,0.2,2,1.2,2.47032822920623e-321
10,0.07,0.2,2,1.3,3.16202013338398e-321
10,0.07,0.2,2,1.4,2.41104035170528e-321
10,0.07,0.2,2,1.5,2.19365146753513e-321
10,0.07,0.2,2,1.6,2.16400752878466e-321
10,0.07,0.2,2,1.7,2.34187116128751e-321
10,0.07,0.2,2,1.8,2.19365146753513e-321
10,0.07,0.2,2,1.9,2.10471965128371e-321
10,0.07,0.2,2,2,2.25788000149450e-321
10,0.07,0.2,2,2.1,2.09483833836689e-321
10,0.07,0.2,2,2.2,1.88733076711356e-321
10,0.07,0.2,2,2.3,2.11460096420054e-321
10,0.07,0.2,2,2.4,2.35669313066275e-321
10,0.07,0.2,2,2.5,2.44562494691417e-321
10,0.07,0.2,2,2.6,2.03555046086594e-321
10,0.07,0.2,2,2.7,2.17388884170148e-321
10,0.07,0.2,2,2.8,2.27270197086973e-321
10,0.07,0.2,2,2.9,2.00096586565705e-321
10,0.07,0.2,2,3,2.10471965128371e-321
12,0.07,0.2,2,0,0.00448322644503
12,0.07,0.2,2,0.1,0.00358084713567
12,0.07,0.2,2,0.2,0.00275895084648
12,0.07,0.2,2,0.3,0.00202647735732
12,0.07,0.2,2,0.4,0.00138631780969
12,0.07,0.2,2,0.5,0.000834773219974
12,0.07,0.2,2,0.6,0.000363251411811
12,0.07,0.2,2,0.7,1.54017738563e-29
12,0.07,0.2,2,0.8,1.89127843636e-196
12,0.07,0.2,2,0.9,6.51178521218763e-321
12,0.07,0.2,2,1,4.75291151299279e-321
12,0.07,0.2,2,1.1,4.16991405090012e-321
12,0.07,0.2,2,1.2,3.47822214672238e-321
12,0.07,0.2,2,1.3,4.05627895235663e-321
12,0.07,0.2,2,1.4,3.26083326255223e-321
12,0.07,0.2,2,1.5,2.87052140233764e-321
12,0.07,0.2,2,1.6,2.76676761671098e-321
12,0.07,0.2,2,1.7,3.25589260609381e-321
12,0.07,0.2,2,1.8,2.75688630379416e-321
12,0.07,0.2,2,1.9,3.28059588838588e-321
12,0.07,0.2,2,2,2.82111483775352e-321
12,0.07,0.2,2,2.1,2.83099615067034e-321
12,0.07,0.2,2,2.2,2.79641155546146e-321
12,0.07,0.2,2,2.3,2.60866661004178e-321
12,0.07,0.2,2,2.4,2.83593680712876e-321
12,0.07,0.2,2,2.5,2.87546205879605e-321
12,0.07,0.2,2,2.6,2.85075877650399e-321
12,0.07,0.2,2,2.7,2.75688630379416e-321
12,0.07,0.2,2,2.8,2.83099615067034e-321
12,0.07,0.2,2,2.9,2.55431938899924e-321
12,0.07,0.2,2,3,2.51973479379036e-321
14,0.07,0.2,2,0,0.00471112802044
14,0.07,0.2,2,0.1,0.00385010986448
14,0.07,0.2,2,0.2,0.00305224585071
14,0.07,0.2,2,0.3,0.00232864039678
14,0.07,0.2,2,0.4,0.00168650588554
14,0.07,0.2,2,0.5,0.0011274505885
14,0.07,0.2,2,0.6,0.000647613711432
14,0.07,0.2,2,0.7,0.000239471949139
14,0.07,0.2,2,0.8,1.2476463999e-62
14,0.07,0.2,2,0.9,3.46423227569e-198
14,0.07,0.2,2,1,8.44888427273e-305
14,0.07,0.2,2,1.1,5.96337234530385e-321
14,0.07,0.2,2,1.2,5.05429155695595e-321
14,0.07,0.2,2,1.3,4.98018171007977e-321
14,0.07,0.2,2,1.4,4.51576000298899e-321
14,0.07,0.2,2,1.5,4.32801505756932e-321
14,0.07,0.2,2,1.6,4.36259965277821e-321
14,0.07,0.2,2,1.7,4.10074486048235e-321
14,0.07,0.2,2,1.8,3.70549234380935e-321
14,0.07,0.2,2,1.9,4.1600327379833e-321
14,0.07,0.2,2,2,3.5276287113065e-321
14,0.07,0.2,2,2.1,3.50786608547285e-321
14,0.07,0.2,2,2.2,3.67090774860046e-321
14,0.07,0.2,2,2.3,3.23612998026016e-321
14,0.07,0.2,2,2.4,3.61161987109951e-321
14,0.07,0.2,2,2.5,3.71537365672617e-321
14,0.07,0.2,2,2.6,3.61161987109951e-321
14,0.07,0.2,2,2.7,3.56221330651539e-321
14,0.07,0.2,2,2.8,3.38929033047095e-321
14,0.07,0.2,2,2.9,3.02862240900684e-321
14,0.07,0.2,2,3,3.12249488171668e-321
16,0.07,0.2,2,0,0.00491838518873
16,0.07,0.2,2,0.1,0.00409742526937
16,0.07,0.2,2,0.2,0.00332588801191
16,0.07,0.2,2,0.3,0.00261533625098
16,0.07,0.2,2,0.4,0.00197532913198
16,0.07,0.2,2,0.5,0.00141126437934
16,0.07,0.2,2,0.6,0.00092336558209
16,0.07,0.2,2,0.7,0.000507346167799
16,0.07,0.2,2,0.8,0.000156160340322
16,0.07,0.2,2,0.9,5.88264277679e-77
16,0.07,0.2,2,1,1.34943960058e-188
16,0.07,0.2,2,1.1,2.68787713514e-278
16,0.07,0.2,2,1.2,7.19853645990696e-321
16,0.07,0.2,2,1.3,7.08984201782189e-321
16,0.07,0.2,2,1.4,5.95349103238702e-321
16,0.07,0.2,2,1.5,5.5483572027972e-321
16,0.07,0.2,2,1.6,5.5088319511299e-321
16,0.07,0.2,2,1.7,5.16298599904103e-321
16,0.07,0.2,2,1.8,4.57998853694836e-321
16,0.07,0.2,2,1.9,4.92583448903723e-321
16,0.07,0.2,2,2,4.57998853694836e-321
16,0.07,0.2,2,2.1,4.47623475132169e-321
16,0.07,0.2,2,2.2,4.80725873403533e-321
16,0.07,0.2,2,2.3,3.79936481651919e-321
16,0.07,0.2,2,2.4,4.42682818673757e-321
16,0.07,0.2,2,2.5,4.38730293507027e-321
16,0.07,0.2,2,2.6,3.98216910548045e-321
16,0.07,0.2,2,2.7,4.07604157819028e-321
16,0.07,0.2,2,2.8,4.23414258485948e-321
16,0.07,0.2,2,2.9,3.725254969643e-321
16,0.07,0.2,2,3,3.80924612943601e-321
18,0.07,0.2,2,0,0.00510976553991
18,0.07,0.2,2,0.1,0.00432701927751
18,0.07,0.2,2,0.2,0.0035829728814
18,0.07,0.2,2,0.3,0.00288867784404
18,0.07,0.2,2,0.4,0.00225460995347
18,0.07,0.2,2,0.5,0.00168856034697
18,0.07,0.2,2,0.6,0.00119396698854
18,0.07,0.2,2,0.7,0.000769571181025
18,0.07,0.2,2,0.8,0.000410429574782
18,0.07,0.2,2,0.9,0.000109511270807
18,0.07,0.2,2,1,1.86953523393e-77
18,0.07,0.2,2,1.1,3.99221090704e-171
18,0.07,0.2,2,1.2,4.74273795265e-248
18,0.07,0.2,2,1.3,3.60747816367135e-312
18,0.07,0.2,2,1.4,7.81117786075011e-321
18,0.07,0.2,2,1.5,7.23806171157426e-321
18,0.07,0.2,2,1.6,6.83292788198444e-321
18,0.07,0.2,2,1.7,6.44261602176985e-321
18,0.07,0.2,2,1.8,6.08194810030574e-321
18,0.07,0.2,2,1.9,6.32898092322637e-321
18,0.07,0.2,2,2,5.91890643717813e-321
18,0.07,0.2,2,2.1,5.50389129467149e-321
18,0.07,0.2,2,2.2,5.74104280467528e-321
18,0.07,0.2,2,2.3,4.61951378861566e-321
18,0.07,0.2,2,2.4,5.17780796841626e-321
18,0.07,0.2,2,2.5,5.24697715883404e-321
18,0.07,0.2,2,2.6,4.87642792445310e-321
18,0.07,0.2,2,2.7,4.87642792445310e-321
18,0.07,0.2,2,2.8,4.86654661153628e-321
18,0.07,0.2,2,2.9,4.48611606423852e-321
18,0.07,0.2,2,3,4.50587869007217e-321
20,0.07,0.2,2,0,0.00528850270642
20,0.07,0.2,2,0.1,0.00454182509871
20,0.07,0.2,2,0.2,0.00382555380583
20,0.07,0.2,2,0.3,0.00314974698882
20,0.07,0.2,2,0.4,0.00252484365144
20,0.07,0.2,2,0.5,0.00195987067969
20,0.07,0.2,2,0.6,0.00146055228988
20,0.07,0.2,2,0.7,0.001028242102
20,0.07,0.2,2,0.8,0.000660165787964
20,0.07,0.2,2,0.9,0.000350631295162
20,0.07,0.2,2,1,9.24604385168e-05
20,0.07,0.2,2,1.1,1.10010068289e-68
20,0.07,0.2,2,1.2,6.18634357973e-149
20,0.07,0.2,2,1.3,2.96107378556e-216
20,0.07,0.2,2,1.4,1.51313130157e-273
20,0.07,0.2,2,1.5,1.06174707291284e-320
20,0.07,0.2,2,1.6,8.86353768639196e-321
20,0.07,0.2,2,1.7,8.10267659179644e-321
20,0.07,0.2,2,1.8,7.16889252115649e-321
20,0.07,0.2,2,1.9,7.58884832012155e-321
20,0.07,0.2,2,2,6.50684455572922e-321
20,0.07,0.2,2,2.1,5.71139886592481e-321
20,0.07,0.2,2,2.2,6.66494556239842e-321
20,0.07,0.2,2,2.3,5.9040844678029e-321
20,0.07,0.2,2,2.4,6.10665138259781e-321
20,0.07,0.2,2,2.5,6.0226602228048e-321
20,0.07,0.2,2,2.6,5.88926249842766e-321
20,0.07,0.2,2,2.7,5.85467790321877e-321
20,0.07,0.2,2,2.8,5.77562739988417e-321
20,0.07,0.2,2,2.9,5.03946958758071e-321
20,0.07,0.2,2,3,5.13334206029055e-321
22,0.07,0.2,2,0,0.005456897944
22,0.07,0.2,2,0.1,0.00474401035823
22,0.07,0.2,2,0.2,0.00405515144947
22,0.07,0.2,2,0.3,0.00339920912427
22,0.07,0.2,2,0.4,0.00278601422755
22,0.07,0.2,2,0.5,0.00222495444978
22,0.07,0.2,2,0.6,0.00172316893565
22,0.07,0.2,2,0.7,0.00128408087206
22,0.07,0.2,2,0.8,0.000906980396914
22,0.07,0.2,2,0.9,0.000587730369867
22,0.07,0.2,2,1,0.000320056541795
22,0.07,0.2,2,1.1,9.68086293435e-05
22,0.07,0.2,2,1.2,2.89282452639e-54
22,0.07,0.2,2,1.3,1.82262755815e-124
22,0.07,0.2,2,1.4,1.5889880474e-184
22,0.07,0.2,2,1.5,1.36035860754e-236
22,0.07,0.2,2,1.6,2.77511088932e-282
22,0.07,0.2,2,1.7,1.17439404016464e-320
22,0.07,0.2,2,1.8,8.97223212847704e-321
22,0.07,0.2,2,1.9,9.38230661452527e-321
22,0.07,0.2,2,2,8.86353768639196e-321
22,0.07,0.2,2,2.1,7.97916018033613e-321
22,0.07,0.2,2,2.2,8.35465007117548e-321
22,0.07,0.2,2,2.3,6.87739379011015e-321
22,0.07,0.2,2,2.4,7.48509453449489e-321
22,0.07,0.2,2,2.5,7.22323974219902e-321
22,0.07,0.2,2,2.6,7.03549479677935e-321
22,0.07,0.2,2,2.7,6.78846197385873e-321
22,0.07,0.2,2,2.8,6.72423343989937e-321
22,0.07,0.2,2,2.9,5.785508712801e-321
22,0.07,0.2,2,3,5.92878775009496e-321
3,0.07,0.025,2,0,0.0026753427959
3,0.07,0.025,2,0.1,0.00174299237378
3,0.07,0.025,2,0.2,0.000952485589789
3,0.07,0.025,2,0.3,0.000263270074235
3,0.07,0.025,2,0.4,2.45290347889e-167
3,0.07,0.025,2,0.5,1.48219693752374e-322
3,0.07,0.025,2,0.6,6.91691904177745e-323
3,0.07,0.025,2,0.7,6.4228533959362e-323
3,0.07,0.025,2,0.8,7.4109846876187e-323
3,0.07,0.025,2,0.9,4.94065645841247e-324
3,0.07,0.025,2,1,8.89318162514244e-323
3,0.07,0.025,2,1.1,6.4228533959362e-323
3,0.07,0.025,2,1.2,2.27270197086973e-322
3,0.07,0.025,2,1.3,1.28457067918724e-322
3,0.07,0.025,2,1.4,9.38724727098368e-323
3,0.07,0.025,2,1.5,-2.96439387504748e-323
3,0.07,0.025,2,1.6,4.29837111881884e-322
3,0.07,0.025,2,1.7,2.66795448754273e-322
3,0.07,0.025,2,1.8,1.92685601878086e-322
3,0.07,0.025,2,1.9,1.03753785626662e-322
3,0.07,0.025,2,2,4.29837111881884e-322
3,0.07,0.025,2,2.1,6.37344683135208e-322
3,0.07,0.025,2,2.2,5.13828271674896e-322
3,0.07,0.025,2,2.3,5.97819431467908e-322
3,0.07,0.025,2,2.4,4.44659081257122e-323
3,0.07,0.025,2,2.5,3.4090529563046e-322
3,0.07,0.025,2,2.6,3.01380043963160e-322
3,0.07,0.025,2,2.7,1.18575755001899e-322
3,0.07,0.025,2,2.8,7.4109846876187e-323
3,0.07,0.025,2,2.9,3.01380043963160e-322
3,0.07,0.025,2,3,1.48219693752374e-322
3,0.07,0.05,2,0,0.0026753427959
3,0.07,0.05,2,0.1,0.00172044328163
3,0.07,0.05,2,0.2,0.000911676912594
3,0.07,0.05,2,0.3,0.000212195804465
3,0.07,0.05,2,0.4,1.71372326011e-196
3,0.07,0.05,2,0.5,1.13635098543487e-321
3,0.07,0.05,2,0.6,7.90505033345994e-323
3,0.07,0.05,2,0.7,8.89318162514244e-323
3,0.07,0.05,2,0.8,6.4228533959362e-323
3,0.07,0.05,2,0.9,2.47032822920623e-322
3,0.07,0.05,2,1,8.89318162514244e-323
3,0.07,0.05,2,1.1,2.47032822920623e-323
3,0.07,0.05,2,1.2,5.92878775009496e-323
3,0.07,0.05,2,1.3,8.39911597930119e-323
3,0.07,0.05,2,1.4,2.76676761671098e-322
3,0.07,0.05,2,1.5,3.06320700421573e-322
3,0.07,0.05,2,1.6,3.2114266979681e-322
3,0.07,0.05,2,1.7,2.96439387504748e-322
3,0.07,0.05,2,1.8,1.43279037293961e-322
3,0.07,0.05,2,1.9,7.90505033345994e-323
3,0.07,0.05,2,2,2.76676761671098e-322
3,0.07,0.05,2,2.1,4.74303020007597e-322
3,0.07,0.05,2,2.2,6.17582057301558e-322
3,0.07,0.05,2,2.3,4.74303020007597e-322
3,0.07,0.05,2,2.4,3.2114266979681e-322
3,0.07,0.05,2,2.5,3.55727265005698e-322
3,0.07,0.05,2,2.6,3.4090529563046e-322
3,0.07,0.05,2,2.7,3.01380043963160e-322
3,0.07,0.05,2,2.8,3.50786608547285e-322
3,0.07,0.05,2,2.9,5.28650241050134e-322
3,0.07,0.05,2,3,5.63234836259021e-322
3,0.07,0.1,2,0,0.0026753427959
3,0.07,0.1,2,0.1,0.00167174198721
3,0.07,0.1,2,0.2,0.000824553122437
3,0.07,0.1,2,0.3,9.64563447845e-05
3,0.07,0.1,2,0.4,9.63491997129e-255
3,0.07,0.1,2,0.5,7.11454530011395e-322
3,0.07,0.1,2,0.6,2.42092166462211e-322
3,0.07,0.1,2,0.7,1.63041663127611e-322
3,0.07,0.1,2,0.8,2.32210853545386e-322
3,0.07,0.1,2,0.9,2.37151510003798e-322
3,0.07,0.1,2,1,2.71736105212686e-322
3,0.07,0.1,2,1.1,3.16202013338398e-322
3,0.07,0.1,2,1.2,3.35964639172048e-322
3,0.07,0.1,2,1.3,2.76676761671098e-322
3,0.07,0.1,2,1.4,4.69362363549184e-322
3,0.07,0.1,2,1.5,1.77863632502849e-322
3,0.07,0.1,2,1.6,2.32210853545386e-322
3,0.07,0.1,2,1.7,2.32210853545386e-322
3,0.07,0.1,2,1.8,2.51973479379036e-322
3,0.07,0.1,2,1.9,2.51973479379036e-322
3,0.07,0.1,2,2,2.66795448754273e-322
3,0.07,0.1,2,2.1,4.69362363549184e-322
3,0.07,0.1,2,2.2,2.96439387504748e-322
3,0.07,0.1,2,2.3,3.31023982713635e-322
3,0.07,0.1,2,2.4,2.96439387504748e-322
3,0.07,0.1,2,2.5,3.2114266979681e-322
3,0.07,0.1,2,2.6,3.55727265005698e-322
3,0.07,0.1,2,2.7,3.45845952088873e-322
3,0.07,0.1,2,2.8,4.99006302299659e-322
3,0.07,0.1,2,2.9,3.55727265005698e-322
3,0.07,0.1,2,3,3.2114266979681e-322
3,0.07,0.2,2,0,0.0026753427959
3,0.07,0.2,2,0.1,0.00155616535454
3,0.07,0.2,2,0.2,0.000618922077923
3,0.07,0.2,2,0.3,6.61193610152e-84
3,0.07,0.2,2,0.4,1.16599492418534e-321
3,0.07,0.2,2,0.5,4.24896455423472e-322
3,0.07,0.2,2,0.6,1.23516411460312e-322
3,0.07,0.2,2,0.7,9.38724727098368e-323
3,0.07,0.2,2,0.8,9.38724727098368e-323
3,0.07,0.2,2,0.9,9.38724727098368e-323
3,0.07,0.2,2,1,1.03753785626662e-322
3,0.07,0.2,2,1.1,2.66795448754273e-322
3,0.07,0.2,2,1.2,1.77863632502849e-322
3,0.07,0.2,2,1.3,2.66795448754273e-322
3,0.07,0.2,2,1.4,1.87744945419674e-322
3,0.07,0.2,2,1.5,1.33397724377137e-322
3,0.07,0.2,2,1.6,2.66795448754273e-322
3,0.07,0.2,2,1.7,1.82804288961261e-322
3,0.07,0.2,2,1.8,2.42092166462211e-322
3,0.07,0.2,2,1.9,2.42092166462211e-322
3,0.07,0.2,2,2,2.27270197086973e-322
3,0.07,0.2,2,2.1,2.51973479379036e-322
3,0.07,0.2,2,2.2,9.88131291682493e-323
3,0.07,0.2,2,2.3,1.13635098543487e-322
3,0.07,0.2,2,2.4,1.28457067918724e-322
3,0.07,0.2,2,2.5,8.39911597930119e-323
3,0.07,0.2,2,2.6,1.33397724377137e-322
3,0.07,0.2,2,2.7,1.03753785626662e-322
3,0.07,0.2,2,2.8,1.13635098543487e-322
3,0.07,0.2,2,2.9,1.43279037293961e-322
3,0.07,0.2,2,3,9.88131291682493e-323
5,0.07,0.025,2,0,0.00333962169987
5,0.07,0.025,2,0.1,0.00248763895101
5,0.07,0.025,2,0.2,0.00176818745014
5,0.07,0.025,2,0.3,0.00115741021142
5,0.07,0.025,2,0.4,0.00063088173952
5,0.07,0.025,2,0.5,0.000165376057439
5,0.07,0.025,2,0.6,8.61124916236e-157
5,0.07,0.025,2,0.7,3.2114266979681e-322
5,0.07,0.025,2,0.8,3.2114266979681e-322
5,0.07,0.025,2,0.9,1.08694442085074e-322
5,0.07,0.025,2,1,8.89318162514244e-323
5,0.07,0.025,2,1.1,8.89318162514244e-323
5,0.07,0.025,2,1.2,7.85564376887582e-322
5,0.07,0.025,2,1.3,1.08694442085074e-322
5,0.07,0.025,2,1.4,5.92878775009496e-323
5,0.07,0.025,2,1.5,1.59583203606723e-321
5,0.07,0.025,2,1.6,3.65608577922522e-322
5,0.07,0.025,2,1.7,6.91691904177745e-322
5,0.07,0.025,2,1.8,4.10074486048235e-322
5,0.07,0.025,2,1.9,1.63041663127611e-321
5,0.07,0.025,2,2,9.38724727098368e-322
5,0.07,0.025,2,2.1,1.27963002272883e-321
5,0.07,0.025,2,2.2,1.19563886293582e-321
5,0.07,0.025,2,2.3,1.18575755001899e-321
5,0.07,0.025,2,2.4,1.18575755001899e-322
5,0.07,0.025,2,2.5,4.29837111881884e-322
5,0.07,0.025,2,2.6,3.90311860214585e-322
5,0.07,0.025,2,2.7,2.02566914794911e-322
5,0.07,0.025,2,2.8,8.89318162514244e-323
5,0.07,0.025,2,2.9,3.8043054729776e-322
5,0.07,0.025,2,3,1.82804288961261e-322
5,0.07,0.05,2,0,0.00333962169987
5,0.07,0.05,2,0.1,0.00246411948111
5,0.07,0.05,2,0.2,0.00172517507493
5,0.07,0.05,2,0.3,0.00109840103219
5,0.07,0.05,2,0.4,0.000558749211582
5,0.07,0.05,2,0.5,8.35387392264e-05
5,0.07,0.05,2,0.6,1.7582421205e-202
5,0.07,0.05,2,0.7,1.53654415856628e-321
5,0.07,0.05,2,0.8,1.43279037293961e-322
5,0.07,0.05,2,0.9,1.38832446481390e-321
5,0.07,0.05,2,1,1.13635098543487e-322
5,0.07,0.05,2,1.1,1.28457067918724e-322
5,0.07,0.05,2,1.2,1.13635098543487e-322
5,0.07,0.05,2,1.3,5.92878775009496e-323
5,0.07,0.05,2,1.4,3.35964639172048e-322
5,0.07,0.05,2,1.5,3.95252516672997e-322
5,0.07,0.05,2,1.6,3.95252516672997e-322
5,0.07,0.05,2,1.7,4.10074486048235e-322
5,0.07,0.05,2,1.8,1.97626258336499e-322
5,0.07,0.05,2,1.9,9.38724727098368e-323
5,0.07,0.05,2,2,6.71929278344095e-322
5,0.07,0.05,2,2.1,1.37350249543867e-321
5,0.07,0.05,2,2.2,4.39718424798709e-322
5,0.07,0.05,2,2.3,1.04247851272503e-321
5,0.07,0.05,2,2.4,4.29837111881884e-322
5,0.07,0.05,2,2.5,5.53353523342196e-322
5,0.07,0.05,2,2.6,4.29837111881884e-322
5,0.07,0.05,2,2.7,4.24896455423472e-322
5,0.07,0.05,2,2.8,4.34777768340297e-322
5,0.07,0.05,2,2.9,6.47225996052033e-322
5,0.07,0.05,2,3,6.76869934802508e-322
5,0.07,0.1,2,0,0.00333962169987
5,0.07,0.1,2,0.1,0.00241321382529
5,0.07,0.1,2,0.2,0.00163206969121
5,0.07,0.1,2,0.3,0.000970652591881
5,0.07,0.1,2,0.4,0.000402662543772
5,0.07,0.1,2,0.5,1.26744577698e-63
5,0.07,0.1,2,0.6,9.35607378197e-301
5,0.07,0.1,2,0.7,1.03259719980821e-321
5,0.07,0.1,2,0.8,8.5967422376377e-322
5,0.07,0.1,2,0.9,9.33784070639956e-322
5,0.07,0.1,2,1,8.79436849597419e-322
5,0.07,0.1,2,1.1,8.05327002721232e-322
5,0.07,0.1,2,1.2,4.64421707090772e-322
5,0.07,0.1,2,1.3,1.12646967251804e-321
5,0.07,0.1,2,1.4,1.07212245147551e-321
5,0.07,0.1,2,1.5,5.73116149175846e-322
5,0.07,0.1,2,1.6,5.92878775009496e-322
5,0.07,0.1,2,1.7,5.92878775009496e-322
5,0.07,0.1,2,1.8,3.31023982713635e-322
5,0.07,0.1,2,1.9,5.97819431467908e-322
5,0.07,0.1,2,2,3.50786608547285e-322
5,0.07,0.1,2,2.1,4.15015142506647e-322
5,0.07,0.1,2,2.2,3.85371203756172e-322
5,0.07,0.1,2,2.3,4.0019317313141e-322
5,0.07,0.1,2,2.4,3.8043054729776e-322
5,0.07,0.1,2,2.5,3.95252516672997e-322
5,0.07,0.1,2,2.6,6.86751247719333e-322
5,0.07,0.1,2,2.7,4.05133829589822e-322
5,0.07,0.1,2,2.8,9.78249978765668e-322
5,0.07,0.1,2,2.9,4.10074486048235e-322
5,0.07,0.1,2,3,5.03946958758071e-322
5,0.07,0.2,2,0,0.00333962169987
5,0.07,0.2,2,0.1,0.00229242065824
5,0.07,0.2,2,0.2,0.00141112367074
5,0.07,0.2,2,0.3,0.000667470667904
5,0.07,0.2,2,0.4,3.14970780834e-05
5,0.07,0.2,2,0.5,1.94536666304e-262
5,0.07,0.2,2,0.6,8.44852254388532e-322
5,0.07,0.2,2,0.7,5.82997462092671e-322
5,0.07,0.2,2,0.8,1.18575755001899e-322
5,0.07,0.2,2,0.9,1.08694442085074e-322
5,0.07,0.2,2,1,1.13635098543487e-322
5,0.07,0.2,2,1.1,5.68175492717434e-322
5,0.07,0.2,2,1.2,1.13635098543487e-322
5,0.07,0.2,2,1.3,3.2114266979681e-322
5,0.07,0.2,2,1.4,3.45845952088873e-322
5,0.07,0.2,2,1.5,5.87938118551083e-322
5,0.07,0.2,2,1.6,5.97819431467908e-322
5,0.07,0.2,2,1.7,5.82997462092671e-322
5,0.07,0.2,2,1.8,5.87938118551083e-322
5,0.07,0.2,2,1.9,5.82997462092671e-322
5,0.07,0.2,2,2,6.37344683135208e-322
5,0.07,0.2,2,2.1,6.47225996052033e-322
5,0.07,0.2,2,2.2,1.58101006669199e-322
5,0.07,0.2,2,2.3,1.43279037293961e-322
5,0.07,0.2,2,2.4,1.43279037293961e-322
5,0.07,0.2,2,2.5,1.43279037293961e-322
5,0.07,0.2,2,2.6,2.07507571253324e-322
5,0.07,0.2,2,2.7,1.13635098543487e-322
5,0.07,0.2,2,2.8,2.02566914794911e-322
5,0.07,0.2,2,2.9,1.87744945419674e-322
5,0.07,0.2,2,3,1.77863632502849e-322
7,0.07,0.025,2,0,0.00375882643922
7,0.07,0.025,2,0.1,0.00295091228098
7,0.07,0.025,2,0.2,0.00225717246944
7,0.07,0.025,2,0.3,0.00166698451161
7,0.07,0.025,2,0.4,0.00116410270724
7,0.07,0.025,2,0.5,0.000730956913211
7,0.07,0.025,2,0.6,0.000351808696521
7,0.07,0.025,2,0.7,1.47816532661e-05
7,0.07,0.025,2,0.8,9.68871293963e-191
7,0.07,0.025,2,0.9,6.02760087926321e-322
7,0.07,0.025,2,1,5.58294179800609e-322
7,0.07,0.025,2,1.1,8.89318162514244e-323
7,0.07,0.025,2,1.2,1.25492674043677e-321
7,0.07,0.025,2,1.3,4.24896455423472e-322
7,0.07,0.025,2,1.4,1.82804288961261e-322
7,0.07,0.025,2,1.5,5.68175492717434e-322
7,0.07,0.025,2,1.6,1.40808709064755e-321
7,0.07,0.025,2,1.7,1.44267168585644e-321
7,0.07,0.025,2,1.8,1.48713759398215e-321
7,0.07,0.025,2,1.9,4.15015142506647e-322
7,0.07,0.025,2,2,1.39820577773073e-321
7,0.07,0.025,2,2.1,1.88239011065515e-321
7,0.07,0.025,2,2.2,2.42586232108052e-321
7,0.07,0.025,2,2.3,1.94661864461451e-321
7,0.07,0.025,2,2.4,4.54540394173947e-322
7,0.07,0.025,2,2.5,1.41302774710597e-321
7,0.07,0.025,2,2.6,9.93071948140906e-322
7,0.07,0.025,2,2.7,1.33397724377137e-322
7,0.07,0.025,2,2.8,8.39911597930119e-323
7,0.07,0.025,2,2.9,1.72922976044436e-321
7,0.07,0.025,2,3,2.61854792295861e-322
7,0.07,0.05,2,0,0.00375882643922
7,0.07,0.05,2,0.1,0.00292711777113
7,0.07,0.05,2,0.2,0.00221275790985
7,0.07,0.05,2,0.3,0.00160499985614
7,0.07,0.05,2,0.4,0.00108726803223
7,0.07,0.05,2,0.5,0.000641554501862
7,0.07,0.05,2,0.6,0.000251815741286
7,0.07,0.05,2,0.7,2.8727901757e-73
7,0.07,0.05,2,0.8,5.70215916202e-261
7,0.07,0.05,2,0.9,1.8626274848215e-321
7,0.07,0.05,2,1,4.59481050632359e-322
7,0.07,0.05,2,1.1,6.22522713759971e-322
7,0.07,0.05,2,1.2,3.11261356879985e-322
7,0.07,0.05,2,1.3,3.50786608547285e-322
7,0.07,0.05,2,1.4,3.85371203756172e-322
7,0.07,0.05,2,1.5,7.95445689804407e-322
7,0.07,0.05,2,1.6,8.39911597930119e-322
7,0.07,0.05,2,1.7,9.33784070639956e-322
7,0.07,0.05,2,1.8,3.50786608547285e-322
7,0.07,0.05,2,1.9,6.6204796542727e-322
7,0.07,0.05,2,2,1.06718179501709e-321
7,0.07,0.05,2,2.1,1.79839895086214e-321
7,0.07,0.05,2,2.2,1.76381435565325e-321
7,0.07,0.05,2,2.3,1.12152901605963e-321
7,0.07,0.05,2,2.4,1.65511991356818e-321
7,0.07,0.05,2,2.5,1.70946713461071e-321
7,0.07,0.05,2,2.6,1.31915527439613e-321
7,0.07,0.05,2,2.7,9.93071948140906e-322
7,0.07,0.05,2,2.8,9.98012604599318e-322
7,0.07,0.05,2,2.9,1.67488253940183e-321
7,0.07,0.05,2,3,1.69958582169389e-321
7,0.07,0.1,2,0,0.00375882643922
7,0.07,0.1,2,0.1,0.00287562368477
7,0.07,0.1,2,0.2,0.00211662857597
7,0.07,0.1,2,0.3,0.00147082660237
7,0.07,0.1,2,0.4,0.000920936360973
7,0.07,0.1,2,0.5,0.000447995877578
7,0.07,0.1,2,0.6,3.51812369485e-05
7,0.07,0.1,2,0.7,2.64786873369e-207
7,0.07,0.1,2,0.8,2.05531308669959e-321
7,0.07,0.1,2,0.9,1.59089137960881e-321
7,0.07,0.1,2,1,1.71934844752754e-321
7,0.07,0.1,2,1.1,1.52666284564945e-321
7,0.07,0.1,2,1.2,1.55630678439993e-321
7,0.07,0.1,2,1.3,1.52666284564945e-321
7,0.07,0.1,2,1.4,1.60571334898405e-321
7,0.07,0.1,2,1.5,9.58487352932018e-322
7,0.07,0.1,2,1.6,1.01777523043297e-321
7,0.07,0.1,2,1.7,9.18962101264719e-322
7,0.07,0.1,2,1.8,1.05235982564186e-321
7,0.07,0.1,2,1.9,9.93071948140906e-322
7,0.07,0.1,2,2,9.33784070639956e-322
7,0.07,0.1,2,2.1,1.20552017585264e-321
7,0.07,0.1,2,2.2,1.01777523043297e-321
7,0.07,0.1,2,2.3,1.09682573376757e-321
7,0.07,0.1,2,2.4,8.5967422376377e-322
7,0.07,0.1,2,2.5,1.06718179501709e-321
7,0.07,0.1,2,2.6,1.62053531835929e-321
7,0.07,0.1,2,2.7,8.5967422376377e-322
7,0.07,0.1,2,2.8,1.53654415856628e-321
7,0.07,0.1,2,2.9,9.14021444806306e-322
7,0.07,0.1,2,3,9.18962101264719e-322
7,0.07,0.2,2,0,0.00375882643922
7,0.07,0.2,2,0.1,0.00275343562831
7,0.07,0.2,2,0.2,0.00188851333408
7,0.07,0.2,2,0.3,0.00115241514476
7,0.07,0.2,2,0.4,0.000526189654284
7,0.07,0.2,2,0.5,1.26464695427e-11
7,0.07,0.2,2,0.6,2.00629357847e-251
7,0.07,0.2,2,0.7,8.84377506055831e-322
7,0.07,0.2,2,0.8,8.30030285013294e-322
7,0.07,0.2,2,0.9,3.50786608547285e-322
7,0.07,0.2,2,1,8.25089628554882e-322
7,0.07,0.2,2,1.1,8.79436849597419e-322
7,0.07,0.2,2,1.2,9.33784070639956e-322
7,0.07,0.2,2,1.3,5.23709584591721e-322
7,0.07,0.2,2,1.4,8.15208315638057e-322
7,0.07,0.2,2,1.5,7.11454530011395e-322
7,0.07,0.2,2,1.6,8.25089628554882e-322
7,0.07,0.2,2,1.7,8.10267659179644e-322
7,0.07,0.2,2,1.8,8.44852254388532e-322
7,0.07,0.2,2,1.9,8.79436849597419e-322
7,0.07,0.2,2,2,8.84377506055831e-322
7,0.07,0.2,2,2.1,5.33590897508546e-322
7,0.07,0.2,2,2.2,2.47032822920623e-322
7,0.07,0.2,2,2.3,2.42092166462211e-322
7,0.07,0.2,2,2.4,2.66795448754273e-322
7,0.07,0.2,2,2.5,2.22329540628561e-322
7,0.07,0.2,2,2.6,2.37151510003798e-322
7,0.07,0.2,2,2.7,1.87744945419674e-322
7,0.07,0.2,2,2.8,2.02566914794911e-322
7,0.07,0.2,2,2.9,2.02566914794911e-322
7,0.07,0.2,2,3,2.07507571253324e-322
9,0.07,0.025,2,0,0.00408490483986
9,0.07,0.025,2,0.1,0.00331586783752
9,0.07,0.025,2,0.2,0.00264099540766
9,0.07,0.025,2,0.3,0.00205923569187
9,0.07,0.025,2,0.4,0.00156267579733
9,0.07,0.025,2,0.5,0.00113907981981
9,0.07,0.025,2,0.6,0.000775247799469
9,0.07,0.025,2,0.7,0.000459494523898
9,0.07,0.025,2,0.8,0.000182217238161
9,0.07,0.025,2,0.9,3.26518254158e-56
9,0.07,0.025,2,1,1.50932901009e-193
9,0.07,0.025,2,1.1,8.58190766958848e-316
9,0.07,0.025,2,1.2,2.58396332774972e-321
9,0.07,0.025,2,1.3,1.36856183898025e-321
9,0.07,0.025,2,1.4,5.58294179800609e-322
9,0.07,0.025,2,1.5,1.03753785626662e-321
9,0.07,0.025,2,1.6,1.12646967251804e-321
9,0.07,0.025,2,1.7,1.90709339294721e-321
9,0.07,0.025,2,1.8,2.35669313066275e-321
9,0.07,0.025,2,1.9,6.71929278344095e-322
9,0.07,0.025,2,2,4.54540394173947e-322
9,0.07,0.025,2,2.1,3.08296963004938e-321
9,0.07,0.025,2,2.2,3.84877138110331e-321
9,0.07,0.025,2,2.3,2.73218302150209e-321
9,0.07,0.025,2,2.4,8.15208315638057e-322
9,0.07,0.025,2,2.5,2.08495702545006e-321
9,0.07,0.025,2,2.6,1.87250879773832e-321
9,0.07,0.025,2,2.7,1.18575755001899e-322
9,0.07,0.025,2,2.8,5.92878775009496e-323
9,0.07,0.025,2,2.9,1.01777523043297e-321
9,0.07,0.025,2,3,7.06513873552983e-322
9,0.07,0.05,2,0,0.00408490483986
9,0.07,0.05,2,0.1,0.00329226828332
9,0.07,0.05,2,0.2,0.00259619483362
9,0.07,0.05,2,0.3,0.00199576345158
9,0.07,0.05,2,0.4,0.00148300484467
9,0.07,0.05,2,0.5,0.00104546195094
9,0.07,0.05,2,0.6,0.000669625722246
9,0.07,0.05,2,0.7,0.000343504110667
9,0.07,0.05,2,0.8,5.78044744811e-05
9,0.07,0.05,2,0.9,2.38207467327e-135
9,0.07,0.05,2,1,2.80453298806e-280
9,0.07,0.05,2,1.1,2.23317671920243e-321
9,0.07,0.05,2,1.2,6.22522713759971e-322
9,0.07,0.05,2,1.3,4.74303020007597e-322
9,0.07,0.05,2,1.4,1.10176639022598e-321
9,0.07,0.05,2,1.5,1.83298354607102e-321
9,0.07,0.05,2,1.6,1.31421461793772e-321
9,0.07,0.05,2,1.7,1.56124744085834e-321
9,0.07,0.05,2,1.8,3.75489890839347e-322
9,0.07,0.05,2,1.9,1.43773102939803e-321
9,0.07,0.05,2,2,2.33198984837068e-321
9,0.07,0.05,2,2.1,2.41104035170528e-321
9,0.07,0.05,2,2.2,2.60372595358337e-321
9,0.07,0.05,2,2.3,1.59583203606723e-321
9,0.07,0.05,2,2.4,2.56914135837448e-321
9,0.07,0.05,2,2.5,2.48020954212306e-321
9,0.07,0.05,2,2.6,1.89227142357197e-321
9,0.07,0.05,2,2.7,1.93673733169769e-321
9,0.07,0.05,2,2.8,1.92685601878086e-321
9,0.07,0.05,2,2.9,2.37151510003798e-321
9,0.07,0.05,2,3,2.49503151149830e-321
9,0.07,0.1,2,0,0.00408490483986
9,0.07,0.1,2,0.1,0.00324119921663
9,0.07,0.1,2,0.2,0.00249923310305
9,0.07,0.1,2,0.3,0.00185837837469
9,0.07,0.1,2,0.4,0.00131054242659
9,0.07,0.1,2,0.5,0.000842795949256
9,0.07,0.1,2,0.6,0.000440958458096
9,0.07,0.1,2,0.7,9.23770864098e-05
9,0.07,0.1,2,0.8,1.98874047023e-142
9,0.07,0.1,2,0.9,5.08578105952e-301
9,0.07,0.1,2,1,2.56914135837448e-321
9,0.07,0.1,2,1.1,2.40115903878846e-321
9,0.07,0.1,2,1.2,2.29246459670338e-321
9,0.07,0.1,2,1.3,2.16400752878466e-321
9,0.07,0.1,2,1.4,1.5859507231504e-321
9,0.07,0.1,2,1.5,1.39820577773073e-321
9,0.07,0.1,2,1.6,1.40808709064755e-321
9,0.07,0.1,2,1.7,1.41302774710597e-321
9,0.07,0.1,2,1.8,1.40808709064755e-321
9,0.07,0.1,2,1.9,1.44761234231485e-321
9,0.07,0.1,2,2,1.42290906002279e-321
9,0.07,0.1,2,2.1,1.30927396147930e-321
9,0.07,0.1,2,2.2,1.38832446481390e-321
9,0.07,0.1,2,2.3,1.41796840356438e-321
9,0.07,0.1,2,2.4,1.40808709064755e-321
9,0.07,0.1,2,2.5,1.45255299877326e-321
9,0.07,0.1,2,2.6,2.05037243024117e-321
9,0.07,0.1,2,2.7,1.38832446481390e-321
9,0.07,0.1,2,2.8,2.00590652211546e-321
9,0.07,0.1,2,2.9,2.02566914794911e-321
9,0.07,0.1,2,3,1.31915527439613e-321
9,0.07,0.2,2,0,0.00408490483986
9,0.07,0.2,2,0.1,0.00312002060432
9,0.07,0.2,2,0.2,0.00226914749308
9,0.07,0.2,2,0.3,0.00153234884219
9,0.07,0.2,2,0.4,0.000901252072143
9,0.07,0.2,2,0.5,0.000361808807956
9,0.07,0.2,2,0.6,6.85990874057e-62
9,0.07,0.2,2,0.7,8.59756030786e-261
9,0.07,0.2,2,0.8,1.25986739689518e-321
9,0.07,0.2,2,0.9,1.13141032897645e-321
9,0.07,0.2,2,1,1.29445199210407e-321
9,0.07,0.2,2,1.1,1.39326512127232e-321
9,0.07,0.2,2,1.2,1.25986739689518e-321
9,0.07,0.2,2,1.3,1.19069820647740e-321
9,0.07,0.2,2,1.4,7.85564376887582e-322
9,0.07,0.2,2,1.5,1.11658835960122e-321
9,0.07,0.2,2,1.6,1.13141032897645e-321
9,0.07,0.2,2,1.7,1.02765654334979e-321
9,0.07,0.2,2,1.8,1.11164770314280e-321
9,0.07,0.2,2,1.9,1.07706310793392e-321
9,0.07,0.2,2,2,1.07212245147551e-321
9,0.07,0.2,2,2.1,1.03753785626662e-321
9,0.07,0.2,2,2.2,3.31023982713635e-322
9,0.07,0.2,2,2.3,2.96439387504748e-322
9,0.07,0.2,2,2.4,3.06320700421573e-322
9,0.07,0.2,2,2.5,2.56914135837448e-322
9,0.07,0.2,2,2.6,3.01380043963160e-322
9,0.07,0.2,2,2.7,3.01380043963160e-322
9,0.07,0.2,2,2.8,2.61854792295861e-322
9,0.07,0.2,2,2.9,3.65608577922522e-322
9,0.07,0.2,2,3,2.42092166462211e-322
11,0.07,0.025,2,0,0.00435934916846
11,0.07,0.025,2,0.1,0.00362791985603
11,0.07,0.025,2,0.2,0.00297265418456
11,0.07,0.025,2,0.3,0.00239823436401
11,0.07,0.025,2,0.4,0.00190333126875
11,0.07,0.025,2,0.5,0.00148121256738
11,0.07,0.025,2,0.6,0.00112207069597
11,0.07,0.025,2,0.7,0.000815654711764
11,0.07,0.025,2,0.8,0.000553022478822
11,0.07,0.025,2,0.9,0.000327193116906
11,0.07,0.025,2,1,0.000132739663414
11,0.07,0.025,2,1.1,3.18117151907e-36
11,0.07,0.025,2,1.2,2.98631357159e-129
11,0.07,0.025,2,1.3,1.49763181716e-218
11,0.07,0.025,2,1.4,8.73203781121e-290
11,0.07,0.025,2,1.5,1.5859507231504e-321
11,0.07,0.025,2,1.6,2.11460096420054e-321
11,0.07,0.025,2,1.7,3.54245068068174e-321
11,0.07,0.025,2,1.8,6.12147335197304e-321
11,0.07,0.025,2,1.9,1.27468936627042e-321
11,0.07,0.025,2,2,8.64614880222181e-322
11,0.07,0.025,2,2.1,5.51377260758831e-321
11,0.07,0.025,2,2.2,5.99301628405432e-321
11,0.07,0.025,2,2.3,4.46635343840487e-321
11,0.07,0.025,2,2.4,1.51678153273263e-321
11,0.07,0.025,2,2.5,3.70549234380935e-321
11,0.07,0.025,2,2.6,4.120507486316e-321
11,0.07,0.025,2,2.7,5.28650241050134e-322
11,0.07,0.025,2,2.8,4.17485470735853e-321
11,0.07,0.025,2,2.9,2.96933453150589e-321
11,0.07,0.025,2,3,9.68368665848843e-322
11,0.07,0.05,2,0,0.00435934916846
11,0.07,0.05,2,0.1,0.00360480098124
11,0.07,0.05,2,0.2,0.00292816639318
11,0.07,0.05,2,0.3,0.00233439505606
11,0.07,0.05,2,0.4,0.00182229335623
11,0.07,0.05,2,0.5,0.00138510797018
11,0.07,0.05,2,0.6,0.00101288013028
11,0.07,0.05,2,0.7,0.000695132774627
11,0.07,0.05,2,0.8,0.000422695156962
11,0.07,0.05,2,0.9,0.000188443391907
11,0.07,0.05,2,1,1.41376774429e-19
11,0.07,0.05,2,1.1,1.14987958032e-136
11,0.07,0.05,2,1.2,1.85432337797e-239
11,0.07,0.05,2,1.3,1.20403797891512e-320
11,0.07,0.05,2,1.4,3.67090774860046e-321
11,0.07,0.05,2,1.5,3.42387492567984e-321
11,0.07,0.05,2,1.6,2.39127772587163e-321
11,0.07,0.05,2,1.7,3.63138249693316e-321
11,0.07,0.05,2,1.8,1.17587623710217e-321
11,0.07,0.05,2,1.9,1.72922976044436e-321
11,0.07,0.05,2,2,2.83099615067034e-321
11,0.07,0.05,2,2.1,4.12544814277441e-321
11,0.07,0.05,2,2.2,3.42387492567984e-321
11,0.07,0.05,2,2.3,4.07110092173187e-321
11,0.07,0.05,2,2.4,4.07604157819028e-321
11,0.07,0.05,2,2.5,3.9624064796468e-321
11,0.07,0.05,2,2.6,2.91992796692177e-321
11,0.07,0.05,2,2.7,2.94957190567224e-321
11,0.07,0.05,2,2.8,3.4881034596392e-321
11,0.07,0.05,2,2.9,3.59185724526586e-321
11,0.07,0.05,2,3,3.63632315339157e-321
11,0.07,0.1,2,0,0.00435934916846
11,0.07,0.1,2,0.1,0.00355477038297
11,0.07,0.1,2,0.2,0.00283188563775
11,0.07,0.1,2,0.3,0.00219621984203
11,0.07,0.1,2,0.4,0.00164687845372
11,0.07,0.1,2,0.5,0.00117706588572
11,0.07,0.1,2,0.6,0.000776494123195
11,0.07,0.1,2,0.7,0.000434205371977
11,0.07,0.1,2,0.8,0.000140522018135
11,0.07,0.1,2,0.9,1.38815353367e-80
11,0.07,0.1,2,1,3.23769842475e-219
11,0.07,0.1,2,1.1,4.44659081257122e-321
11,0.07,0.1,2,1.2,3.8438307246449e-321
11,0.07,0.1,2,1.3,3.35964639172048e-321
11,0.07,0.1,2,1.4,2.25293934503608e-321
11,0.07,0.1,2,1.5,2.0207284914907e-321
11,0.07,0.1,2,1.6,2.00590652211546e-321
11,0.07,0.1,2,1.7,1.97132192690657e-321
11,0.07,0.1,2,1.8,1.91697470586404e-321
11,0.07,0.1,2,1.9,1.92191536232245e-321
11,0.07,0.1,2,2,2.64325120525067e-321
11,0.07,0.1,2,2.1,1.90709339294721e-321
11,0.07,0.1,2,2.2,1.7045264781523e-321
11,0.07,0.1,2,2.3,1.86756814127991e-321
11,0.07,0.1,2,2.4,1.85768682836309e-321
11,0.07,0.1,2,2.5,2.65313251816749e-321
11,0.07,0.1,2,2.6,2.73712367796051e-321
11,0.07,0.1,2,2.7,2.82605549421193e-321
11,0.07,0.1,2,2.8,2.64819186170908e-321
11,0.07,0.1,2,2.9,1.76875501211166e-321
11,0.07,0.1,2,3,1.80828026377896e-321
11,0.07,0.2,2,0,0.00435934916846
11,0.07,0.2,2,0.1,0.00343606152249
11,0.07,0.2,2,0.2,0.00260341627733
11,0.07,0.2,2,0.3,0.00186831721741
11,0.07,0.2,2,0.4,0.00123058317168
11,0.07,0.2,2,0.5,0.000683319218387
11,0.07,0.2,2,0.6,0.000215461180063
11,0.07,0.2,2,0.7,5.60178611916e-104
11,0.07,0.2,2,0.8,4.70041958624e-266
11,0.07,0.2,2,0.9,1.9416779881561e-321
11,0.07,0.2,2,1,1.77369566857008e-321
11,0.07,0.2,2,1.1,1.78851763794531e-321
11,0.07,0.2,2,1.2,1.66994188294341e-321
11,0.07,0.2,2,1.3,1.33397724377137e-321
11,0.07,0.2,2,1.4,7.70742407512345e-322
11,0.07,0.2,2,1.5,1.45255299877326e-321
11,0.07,0.2,2,1.6,1.40314643418914e-321
11,0.07,0.2,2,1.7,1.45255299877326e-321
11,0.07,0.2,2,1.8,1.44267168585644e-321
11,0.07,0.2,2,1.9,1.45255299877326e-321
11,0.07,0.2,2,2,1.42784971648120e-321
11,0.07,0.2,2,2.1,1.36856183898025e-321
11,0.07,0.2,2,2.2,5.92878775009496e-322
11,0.07,0.2,2,2.3,6.02760087926321e-322
11,0.07,0.2,2,2.4,6.76869934802508e-322
11,0.07,0.2,2,2.5,6.32404026676796e-322
11,0.07,0.2,2,2.6,6.66988621885683e-322
11,0.07,0.2,2,2.7,6.47225996052033e-322
11,0.07,0.2,2,2.8,7.26276499386632e-322
11,0.07,0.2,2,2.9,6.27463370218383e-322
11,0.07,0.2,2,3,5.48412866883784e-322
13,0.07,0.025,2,0,0.00460014334906
13,0.07,0.025,2,0.1,0.00390505732811
13,0.07,0.025,2,0.2,0.00327108814706
13,0.07,0.025,2,0.3,0.0027058773859
13,0.07,0.025,2,0.4,0.00221263443912
13,0.07,0.025,2,0.5,0.00178937630793
13,0.07,0.025,2,0.6,0.00142994031477
13,0.07,0.025,2,0.7,0.0011261000554
13,0.07,0.025,2,0.8,0.000869540028997
13,0.07,0.025,2,0.9,0.000653000007315
13,0.07,0.025,2,1,0.00047057133786
13,0.07,0.025,2,1.1,0.00031750673032
13,0.07,0.025,2,1.2,0.000190029541242
13,0.07,0.025,2,1.3,8.36252496965e-05
13,0.07,0.025,2,1.4,6.17188790528e-14
13,0.07,0.025,2,1.5,1.8201775026e-63
13,0.07,0.025,2,1.6,3.85527963761e-115
13,0.07,0.025,2,1.7,6.81044725997e-160
13,0.07,0.025,2,1.8,6.97818473664e-198
13,0.07,0.025,2,1.9,1.20677345727e-230
13,0.07,0.025,2,2,2.51137512473e-259
13,0.07,0.025,2,2.1,8.91598592961e-285
13,0.07,0.025,2,2.2,1.23801884679e-307
13,0.07,0.025,2,2.3,9.93071948140906e-321
13,0.07,0.025,2,2.4,1.69958582169389e-321
13,0.07,0.025,2,2.5,8.77954652659895e-321
13,0.07,0.025,2,2.6,7.99398214971137e-321
13,0.07,0.025,2,2.7,1.74899238627801e-321
13,0.07,0.025,2,2.8,6.15605794718193e-321
13,0.07,0.025,2,2.9,2.69265776983479e-321
13,0.07,0.025,2,3,1.32409593085454e-321
13,0.07,0.05,2,0,0.00460014334906
13,0.07,0.05,2,0.1,0.00388258209555
13,0.07,0.05,2,0.2,0.0032273773701
13,0.07,0.05,2,0.3,0.00264248623189
13,0.07,0.05,2,0.4,0.00213137215169
13,0.07,0.05,2,0.5,0.00169218647076
13,0.07,0.05,2,0.6,0.00131876651558
13,0.07,0.05,2,0.7,0.00100277138134
13,0.07,0.05,2,0.8,0.000735726445009
13,0.07,0.05,2,0.9,0.000510188305645
13,0.07,0.05,2,1,0.000320086757973
13,0.07,0.05,2,1.1,0.000160496788723
13,0.07,0.05,2,1.2,2.73315567242e-05
13,0.07,0.05,2,1.3,3.60485412541e-68
13,0.07,0.05,2,1.4,7.95783175861e-142
13,0.07,0.05,2,1.5,6.06032629298e-202
13,0.07,0.05,2,1.6,9.01883862259e-252
13,0.07,0.05,2,1.7,9.89460647554e-294
13,0.07,0.05,2,1.8,2.22823606274402e-321
13,0.07,0.05,2,1.9,4.43670949965439e-321
13,0.07,0.05,2,2,7.62343291533043e-321
13,0.07,0.05,2,2.1,7.14912989532284e-321
13,0.07,0.05,2,2.2,6.5364884944797e-321
13,0.07,0.05,2,2.3,5.88432184196925e-321
13,0.07,0.05,2,2.4,7.04043545323776e-321
13,0.07,0.05,2,2.5,6.36850617489367e-321
13,0.07,0.05,2,2.6,4.86160595507787e-321
13,0.07,0.05,2,2.7,4.9554784277877e-321
13,0.07,0.05,2,2.8,5.82009330800988e-321
13,0.07,0.05,2,2.9,5.60764508029815e-321
13,0.07,0.05,2,3,5.55329785925561e-321
13,0.07,0.1,2,0,0.00460014334906
13,0.07,0.1,2,0.1,0.00383395087941
13,0.07,0.1,2,0.2,0.00313278204498
13,0.07,0.1,2,0.3,0.00250528513519
13,0.07,0.1,2,0.4,0.00195547667296
13,0.07,0.1,2,0.5,0.00148180019216
13,0.07,0.1,2,0.6,0.00107809192604
13,0.07,0.1,2,0.7,0.000735775563981
13,0.07,0.1,2,0.8,0.00044601494261
13,0.07,0.1,2,0.9,0.000200988738344
13,0.07,0.1,2,1,5.57873114914e-11
13,0.07,0.1,2,1.1,4.85363594718e-130
13,0.07,0.1,2,1.2,2.06345711988e-224
13,0.07,0.1,2,1.3,3.55477232772e-300
13,0.07,0.1,2,1.4,3.70055168735094e-321
13,0.07,0.1,2,1.5,3.31518048359476e-321
13,0.07,0.1,2,1.6,3.3695277046373e-321
13,0.07,0.1,2,1.7,3.26083326255223e-321
13,0.07,0.1,2,1.8,2.92980927983859e-321
13,0.07,0.1,2,1.9,2.90510599754653e-321
13,0.07,0.1,2,2,4.85172464216104e-321
13,0.07,0.1,2,2.1,3.53256936776491e-321
13,0.07,0.1,2,2.2,2.67289514400114e-321
13,0.07,0.1,2,2.3,2.77170827316939e-321
13,0.07,0.1,2,2.4,2.88534337171288e-321
13,0.07,0.1,2,2.5,2.71242039566844e-321
13,0.07,0.1,2,2.6,2.76676761671098e-321
13,0.07,0.1,2,2.7,3.83394941172807e-321
13,0.07,0.1,2,2.8,3.78948350360236e-321
13,0.07,0.1,2,2.9,2.49009085503988e-321
13,0.07,0.1,2,3,2.57408201483289e-321
13,0.07,0.2,2,0,0.00460014334906
13,0.07,0.2,2,0.1,0.00371856057156
13,0.07,0.2,2,0.2,0.00290831419354
13,0.07,0.2,2,0.3,0.00217969546861
13,0.07,0.2,2,0.4,0.00153803924841
13,0.07,0.2,2,0.5,0.000982489036138
13,0.07,0.2,2,0.6,0.000506877440073
13,0.07,0.2,2,0.7,0.000102072347635
13,0.07,0.2,2,0.8,1.24899550709e-128
13,0.07,0.2,2,0.9,5.78837301206e-261
13,0.07,0.2,2,1,2.42092166462211e-321
13,0.07,0.2,2,1.1,2.30234590962021e-321
13,0.07,0.2,2,1.2,1.59089137960881e-321
13,0.07,0.2,2,1.3,2.01578783503229e-321
13,0.07,0.2,2,1.4,1.08200376439233e-321
13,0.07,0.2,2,1.5,1.77369566857008e-321
13,0.07,0.2,2,1.6,1.89721208003039e-321
13,0.07,0.2,2,1.7,1.72428910398595e-321
13,0.07,0.2,2,1.8,1.39326512127232e-321
13,0.07,0.2,2,1.9,1.67488253940183e-321
13,0.07,0.2,2,2,1.43279037293961e-321
13,0.07,0.2,2,2.1,1.19069820647740e-321
13,0.07,0.2,2,2.2,6.4228533959362e-322
13,0.07,0.2,2,2.3,6.57107308968858e-322
13,0.07,0.2,2,2.4,6.52166652510445e-322
13,0.07,0.2,2,2.5,6.91691904177745e-322
13,0.07,0.2,2,2.6,6.47225996052033e-322
13,0.07,0.2,2,2.7,6.91691904177745e-322
13,0.07,0.2,2,2.8,6.86751247719333e-322
13,0.07,0.2,2,2.9,6.71929278344095e-322
13,0.07,0.2,2,3,5.82997462092671e-322
15,0.07,0.025,2,0,0.00481700049913
15,0.07,0.025,2,0.1,0.0041566012515
15,0.07,0.025,2,0.2,0.00354514298337
15,0.07,0.025,2,0.3,0.00299144216754
15,0.07,0.025,2,0.4,0.00250148995052
15,0.07,0.025,2,0.5,0.00207696304921
15,0.07,0.025,2,0.6,0.00171510512793
15,0.07,0.025,2,0.7,0.00141000514567
15,0.07,0.025,2,0.8,0.00115440163089
15,0.07,0.025,2,0.9,0.000941097975014
15,0.07,0.025,2,1,0.000763660241734
15,0.07,0.025,2,1.1,0.000616544423682
15,0.07,0.025,2,1.2,0.000494967200569
15,0.07,0.025,2,1.3,0.000394736306236
15,0.07,0.025,2,1.4,0.000312135631456
15,0.07,0.025,2,1.5,0.000243825243132
15,0.07,0.025,2,1.6,0.000186958305499
15,0.07,0.025,2,1.7,0.000139915458977
15,0.07,0.025,2,1.8,0.000101182409835
15,0.07,0.025,2,1.9,6.63980082328e-05
15,0.07,0.025,2,2,3.65646250109e-05
15,0.07,0.025,2,2.1,1.07018329434e-05
15,0.07,0.025,2,2.2,4.60062024287e-18
15,0.07,0.025,2,2.3,7.59140787624e-41
15,0.07,0.025,2,2.4,9.91929836413e-62
15,0.07,0.025,2,2.5,5.25724690336e-81
15,0.07,0.025,2,2.6,6.61282449642e-99
15,0.07,0.025,2,2.7,1.29410098797e-115
15,0.07,0.025,2,2.8,2.82094378147e-131
15,0.07,0.025,2,2.9,5.20550477788e-146
15,0.07,0.025,2,3,6.497353701e-160
15,0.07,0.05,2,0,0.00481700049913
15,0.07,0.05,2,0.1,0.00413486197439
15,0.07,0.05,2,0.2,0.0035025071326
15,0.07,0.05,2,0.3,0.00292907285286
15,0.07,0.05,2,0.4,0.00242086255086
15,0.07,0.05,2,0.5,0.00197979384569
15,0.07,0.05,2,0.6,0.00160323468888
15,0.07,0.05,2,0.7,0.00128527412399
15,0.07,0.05,2,0.8,0.00101855947485
15,0.07,0.05,2,0.9,0.000795751035543
15,0.07,0.05,2,1,0.000610252764563
15,0.07,0.05,2,1.1,0.000456356054869
15,0.07,0.05,2,1.2,0.000329114120261
15,0.07,0.05,2,1.3,0.000224141020547
15,0.07,0.05,2,1.4,0.000137546221979
15,0.07,0.05,2,1.5,6.64450237143e-05
15,0.07,0.05,2,1.6,7.01230639128e-06
15,0.07,0.05,2,1.7,1.17077926874e-46
15,0.07,0.05,2,1.8,3.15003099668e-86
15,0.07,0.05,2,1.9,1.02977664382e-120
15,0.07,0.05,2,2,3.47256116914e-151
15,0.07,0.05,2,2.1,1.9130433799e-178
15,0.07,0.05,2,2.2,4.30527078833e-203
15,0.07,0.05,2,2.3,1.38478916033e-225
15,0.07,0.05,2,2.4,2.84582893405e-246
15,0.07,0.05,2,2.5,2.00596195638e-265
15,0.07,0.05,2,2.6,2.98449317032e-283
15,0.07,0.05,2,2.7,6.33043929604e-300
15,0.07,0.05,2,2.8,1.40108488105333e-315
15,0.07,0.05,2,2.9,1.1966269942275e-320
15,0.07,0.05,2,3,1.15660767691436e-320
15,0.07,0.1,2,0,0.00481700049913
15,0.07,0.1,2,0.1,0.00408782257777
15,0.07,0.1,2,0.2,0.00341024021749
15,0.07,0.1,2,0.3,0.00279408780323
15,0.07,0.1,2,0.4,0.00224634501891
15,0.07,0.1,2,0.5,0.00176945644681
15,0.07,0.1,2,0.6,0.00136105814291
15,0.07,0.1,2,0.7,0.00101524236328
15,0.07,0.1,2,0.8,0.000724459942017
15,0.07,0.1,2,0.9,0.000481063326451
15,0.07,0.1,2,1,0.000278105304151
15,0.07,0.1,2,1.1,0.000109512614698
15,0.07,0.1,2,1.2,1.53932971701e-32
15,0.07,0.1,2,1.3,1.05940694769e-114
15,0.07,0.1,2,1.4,4.88748425275e-182
15,0.07,0.1,2,1.5,4.4562444553e-238
15,0.07,0.1,2,1.6,1.89973949969e-285
15,0.07,0.1,2,1.7,5.72622083530005e-321
15,0.07,0.1,2,1.8,5.15804534258261e-321
15,0.07,0.1,2,1.9,5.03946958758071e-321
15,0.07,0.1,2,2,6.64024228010635e-321
15,0.07,0.1,2,2.1,5.55823851571402e-321
15,0.07,0.1,2,2.2,4.37248096569503e-321
15,0.07,0.1,2,2.3,3.88829663277061e-321
15,0.07,0.1,2,2.4,6.04242284863845e-321
15,0.07,0.1,2,2.5,3.93770319735473e-321
15,0.07,0.1,2,2.6,3.93770319735473e-321
15,0.07,0.1,2,2.7,5.68175492717434e-321
15,0.07,0.1,2,2.8,5.31614634925181e-321
15,0.07,0.1,2,2.9,3.62150118401634e-321
15,0.07,0.1,2,3,3.90311860214585e-321
15,0.07,0.2,2,0,0.00481700049913
15,0.07,0.2,2,0.1,0.00397620841628
15,0.07,0.2,2,0.2,0.00319129736329
15,0.07,0.2,2,0.3,0.00247375472784
15,0.07,0.2,2,0.4,0.00183217870741
15,0.07,0.2,2,0.5,0.00127025768983
15,0.07,0.2,2,0.6,0.000786272980989
15,0.07,0.2,2,0.7,0.000374329388928
15,0.07,0.2,2,0.8,2.64107263236e-05
15,0.07,0.2,2,0.9,7.8149449174e-137
15,0.07,0.2,2,1,4.27596247283e-246
15,0.07,0.2,2,1.1,3.45845952088873e-321
15,0.07,0.2,2,1.2,2.98909715733954e-321
15,0.07,0.2,2,1.3,2.79147089900304e-321
15,0.07,0.2,2,1.4,1.83298354607102e-321
15,0.07,0.2,2,1.5,2.20353278045196e-321
15,0.07,0.2,2,1.6,2.27764262732815e-321
15,0.07,0.2,2,1.7,2.16894818524307e-321
15,0.07,0.2,2,1.8,1.8231022331542e-321
15,0.07,0.2,2,1.9,1.91697470586404e-321
15,0.07,0.2,2,2,1.93673733169769e-321
15,0.07,0.2,2,2.1,1.85274617190467e-321
15,0.07,0.2,2,2.2,1.00789391751614e-321
15,0.07,0.2,2,2.3,9.43665383556781e-322
15,0.07,0.2,2,2.4,8.89318162514244e-322
15,0.07,0.2,2,2.5,1.10670704668439e-321
15,0.07,0.2,2,2.6,8.2014897209647e-322
15,0.07,0.2,2,2.7,8.54733567305357e-322
15,0.07,0.2,2,2.8,6.86751247719333e-322
15,0.07,0.2,2,2.9,6.96632560636158e-322
15,0.07,0.2,2,3,6.86751247719333e-322
17,0.07,0.025,2,0,0.00501584041714
17,0.07,0.025,2,0.1,0.00438819374353
17,0.07,0.025,2,0.2,0.00379980131174
17,0.07,0.025,2,0.3,0.00325957764346
17,0.07,0.025,2,0.4,0.00277495146396
17,0.07,0.025,2,0.5,0.00235015994903
17,0.07,0.025,2,0.6,0.00198532862806
17,0.07,0.025,2,0.7,0.00167689832624
17,0.07,0.025,2,0.8,0.00141898016173
17,0.07,0.025,2,0.9,0.00120481556833
17,0.07,0.025,2,1,0.00102778537804
17,0.07,0.025,2,1.1,0.000881865258855
17,0.07,0.025,2,1.2,0.000761747531474
17,0.07,0.025,2,1.3,0.000662819015053
17,0.07,0.025,2,1.4,0.000581121569192
17,0.07,0.025,2,1.5,0.000513305544208
17,0.07,0.025,2,1.6,0.000456591701701
17,0.07,0.025,2,1.7,0.00040871945227
17,0.07,0.025,2,1.8,0.000367890337524
17,0.07,0.025,2,1.9,0.000332675993887
17,0.07,0.025,2,2,0.000301894697906
17,0.07,0.025,2,2.1,0.000274584192036
17,0.07,0.025,2,2.2,0.000250548001562
17,0.07,0.025,2,2.3,0.000230079361771
17,0.07,0.025,2,2.4,0.000210021243282
17,0.07,0.025,2,2.5,0.000190160618404
17,0.07,0.025,2,2.6,0.000177531480722
17,0.07,0.025,2,2.7,0.000159402817767
17,0.07,0.025,2,2.8,0.000146635315864
17,0.07,0.025,2,2.9,0.000134559952601
17,0.07,0.025,2,3,0.000120296372695
17,0.07,0.05,2,0,0.00501584041714
17,0.07,0.05,2,0.1,0.00436722935039
17,0.07,0.05,2,0.2,0.00375841758439
17,0.07,0.05,2,0.3,0.00319861604967
17,0.07,0.05,2,0.4,0.00269558467071
17,0.07,0.05,2,0.5,0.00225385853525
17,0.07,0.05,2,0.6,0.00187378262872
17,0.07,0.05,2,0.7,0.00155189795509
17,0.07,0.05,2,0.8,0.00128229767431
17,0.07,0.05,2,0.9,0.00105812489232
17,0.07,0.05,2,1,0.000872610330217
17,0.07,0.05,2,1.1,0.000719557624297
17,0.07,0.05,2,1.2,0.000593479357678
17,0.07,0.05,2,1.3,0.00048958855529
17,0.07,0.05,2,1.4,0.000403759447248
17,0.07,0.05,2,1.5,0.000332495051354
17,0.07,0.05,2,1.6,0.000272908634381
17,0.07,0.05,2,1.7,0.000222599061708
17,0.07,0.05,2,1.8,0.000179551135083
17,0.07,0.05,2,1.9,0.000142808141113
17,0.07,0.05,2,2,0.000110414318113
17,0.07,0.05,2,2.1,8.19592058892e-05
17,0.07,0.05,2,2.2,5.65349176609e-05
17,0.07,0.05,2,2.3,3.40138859586e-05
17,0.07,0.05,2,2.4,1.36678134344e-05
17,0.07,0.05,2,2.5,1.02601725052e-24
17,0.07,0.05,2,2.6,4.81204950844e-44
17,0.07,0.05,2,2.7,4.01062411759e-62
17,0.07,0.05,2,2.8,4.25559189527e-79
17,0.07,0.05,2,2.9,4.37342082843e-95
17,0.07,0.05,2,3,3.46341054215e-110
17,0.07,0.1,2,0,0.00501584041714
17,0.07,0.1,2,0.1,0.00432186655616
17,0.07,0.1,2,0.2,0.00366886320814
17,0.07,0.1,2,0.3,0.00306668228545
17,0.07,0.1,2,0.4,0.00252379901545
17,0.07,0.1,2,0.5,0.00204540216138
17,0.07,0.1,2,0.6,0.00163231320364
17,0.07,0.1,2,0.7,0.00128128598316
17,0.07,0.1,2,0.8,0.000986381840175
17,0.07,0.1,2,0.9,0.00074052924532
17,0.07,0.1,2,1,0.000536636535567
17,0.07,0.1,2,1.1,0.000368133134948
17,0.07,0.1,2,1.2,0.000229142663634
17,0.07,0.1,2,1.3,0.000114510606206
17,0.07,0.1,2,1.4,1.96994321754e-05
17,0.07,0.1,2,1.5,9.1061523818e-61
17,0.07,0.1,2,1.6,7.04334730976e-112
17,0.07,0.1,2,1.7,5.75404479328e-156
17,0.07,0.1,2,1.8,1.56014564884e-194
17,0.07,0.1,2,1.9,1.05273501859e-228
17,0.07,0.1,2,2,2.51693113978e-259
17,0.07,0.1,2,2.1,4.86863223209e-287
17,0.07,0.1,2,2.2,2.46103778764111e-312
17,0.07,0.1,2,2.3,7.32205287136727e-321
17,0.07,0.1,2,2.4,9.97024473307636e-321
17,0.07,0.1,2,2.5,6.4228533959362e-321
17,0.07,0.1,2,2.6,9.06116394472846e-321
17,0.07,0.1,2,2.7,8.07303265304597e-321
17,0.07,0.1,2,2.8,7.91493164637677e-321
17,0.07,0.1,2,2.9,5.34084963154388e-321
17,0.07,0.1,2,3,7.42086600053552e-321
17,0.07,0.2,2,0,0.00501584041714
17,0.07,0.2,2,0.1,0.00421423223781
17,0.07,0.2,2,0.2,0.00345635567726
17,0.07,0.2,2,0.3,0.00275359462417
17,0.07,0.2,2,0.4,0.00211611335095
17,0.07,0.2,2,0.5,0.001550667591
17,0.07,0.2,2,0.6,0.00105920428176
17,0.07,0.2,2,0.7,0.000638991019294
17,0.07,0.2,2,0.8,0.000284013904732
17,0.07,0.2,2,0.9,1.39476563602e-18
17,0.07,0.2,2,1,2.274563687e-132
17,0.07,0.2,2,1.1,3.89882867763e-224
17,0.07,0.2,2,1.2,3.15120313352e-299
17,0.07,0.2,2,1.3,3.3695277046373e-321
17,0.07,0.2,2,1.4,3.31518048359476e-321
17,0.07,0.2,2,1.5,3.07308831713255e-321
17,0.07,0.2,2,1.6,3.28553654484429e-321
17,0.07,0.2,2,1.7,2.90510599754653e-321
17,0.07,0.2,2,1.8,1.70946713461071e-321
17,0.07,0.2,2,1.9,2.49009085503988e-321
17,0.07,0.2,2,2,2.33198984837068e-321
17,0.07,0.2,2,2.1,2.56420070191607e-321
17,0.07,0.2,2,2.2,1.54148481502469e-321
17,0.07,0.2,2,2.3,1.36362118252184e-321
17,0.07,0.2,2,2.4,1.17093558064375e-321
17,0.07,0.2,2,2.5,1.08200376439233e-321
17,0.07,0.2,2,2.6,1.05235982564186e-321
17,0.07,0.2,2,2.7,1.14623229835169e-321
17,0.07,0.2,2,2.8,1.01283457397456e-321
17,0.07,0.2,2,2.9,1.02765654334979e-321
17,0.07,0.2,2,3,7.65801751053932e-322
19,0.07,0.025,2,0,0.00520055183062
19,0.07,0.025,2,0.1,0.00460359125794
19,0.07,0.025,2,0.2,0.00403824479418
19,0.07,0.025,2,0.3,0.00351294042685
19,0.07,0.025,2,0.4,0.00303559874038
19,0.07,0.025,2,0.5,0.00261202273121
19,0.07,0.025,2,0.6,0.00224458776014
19,0.07,0.025,2,0.7,0.00193192026788
19,0.07,0.025,2,0.8,0.00166969020489
19,0.07,0.025,2,0.9,0.00145191473305
19,0.07,0.025,2,1,0.00127212991144
19,0.07,0.025,2,1.1,0.0011241258478
19,0.07,0.025,2,1.2,0.00100230603729
19,0.07,0.025,2,1.3,0.000901805176047
19,0.07,0.025,2,1.4,0.000818502688512
19,0.07,0.025,2,1.5,0.000748979269952
19,0.07,0.025,2,1.6,0.000690453070251
19,0.07,0.025,2,1.7,0.000640696543601
19,0.07,0.025,2,1.8,0.000597950258725
19,0.07,0.025,2,1.9,0.000560835096261
19,0.07,0.025,2,2,0.000528277536895
19,0.07,0.025,2,2.1,0.000499447783756
19,0.07,0.025,2,2.2,0.000473678432619
19,0.07,0.025,2,2.3,0.000450477634789
19,0.07,0.025,2,2.4,0.000429467119437
19,0.07,0.025,2,2.5,0.000410192109971
19,0.07,0.025,2,2.6,0.000392715746318
19,0.07,0.025,2,2.7,0.000376331562634
19,0.07,0.025,2,2.8,0.000361321844252
19,0.07,0.025,2,2.9,0.000347777426495
19,0.07,0.025,2,3,0.000333620023261
19,0.07,0.05,2,0,0.00520055183062
19,0.07,0.05,2,0.1,0.00458340597934
19,0.07,0.05,2,0.2,0.00399820634036
19,0.07,0.05,2,0.3,0.00345363374612
19,0.07,0.05,2,0.4,0.00295792632518
19,0.07,0.05,2,0.5,0.00251721807026
19,0.07,0.05,2,0.6,0.00213415836449
19,0.07,0.05,2,0.7,0.00180755361075
19,0.07,0.05,2,0.8,0.00153313006204
19,0.07,0.05,2,0.9,0.00130485305311
19,0.07,0.05,2,1,0.00111613298629
19,0.07,0.05,2,1.1,0.000960593847972
19,0.07,0.05,2,1.2,0.000832453296834
19,0.07,0.05,2,1.3,0.000726662158622
19,0.07,0.05,2,1.4,0.000638925939473
19,0.07,0.05,2,1.5,0.000565673122739
19,0.07,0.05,2,1.6,0.000503990613626
19,0.07,0.05,2,1.7,0.000451541836852
19,0.07,0.05,2,1.8,0.000406477325858
19,0.07,0.05,2,1.9,0.000367345879662
19,0.07,0.05,2,2,0.000333018017679
19,0.07,0.05,2,2.1,0.000302632485959
19,0.07,0.05,2,2.2,0.000275552403167
19,0.07,0.05,2,2.3,0.000251168979741
19,0.07,0.05,2,2.4,0.00022872244512
19,0.07,0.05,2,2.5,0.000208251420368
19,0.07,0.05,2,2.6,0.000190458655096
19,0.07,0.05,2,2.7,0.000173237296285
19,0.07,0.05,2,2.8,0.000156295221313
19,0.07,0.05,2,2.9,0.000142885632293
19,0.07,0.05,2,3,0.000129312928522
19,0.07,0.1,2,0,0.00520055183062
19,0.07,0.1,2,0.1,0.00453973734471
19,0.07,0.1,2,0.2,0.00391156501821
19,0.07,0.1,2,0.3,0.0033252834175
19,0.07,0.1,2,0.4,0.00278981503208
19,0.07,0.1,2,0.5,0.00231200503128
19,0.07,0.1,2,0.6,0.00189510878873
19,0.07,0.1,2,0.7,0.00153831700476
19,0.07,0.1,2,0.8,0.00123747941773
19,0.07,0.1,2,0.9,0.000986454212378
19,0.07,0.1,2,1,0.000778380407208
19,0.07,0.1,2,1.1,0.000606518366319
19,0.07,0.1,2,1.2,0.000464684568076
19,0.07,0.1,2,1.3,0.000347430665133
19,0.07,0.1,2,1.4,0.000250089566853
19,0.07,0.1,2,1.5,0.000168757823514
19,0.07,0.1,2,1.6,0.00010022845325
19,0.07,0.1,2,1.7,4.19709598891e-05
19,0.07,0.1,2,1.8,7.98918017354e-28
19,0.07,0.1,2,1.9,1.60785270436e-64
19,0.07,0.1,2,2,1.70189134506e-97
19,0.07,0.1,2,2.1,2.07925836186e-127
19,0.07,0.1,2,2.2,9.14209074453e-155
19,0.07,0.1,2,2.3,5.86559026229e-180
19,0.07,0.1,2,2.4,2.70028421504e-203
19,0.07,0.1,2,2.5,5.08639921686e-225
19,0.07,0.1,2,2.6,2.47811642217e-245
19,0.07,0.1,2,2.7,2.15997552284e-264
19,0.07,0.1,2,2.8,2.4723617016e-282
19,0.07,0.1,2,2.9,2.87027356907e-299
19,0.07,0.1,2,3,2.71873408525993e-315
19,0.07,0.2,2,0,0.00520055183062
19,0.07,0.2,2,0.1,0.00443612186938
19,0.07,0.2,2,0.2,0.00370597340255
19,0.07,0.2,2,0.3,0.00302069969194
19,0.07,0.2,2,0.4,0.00239085254105
19,0.07,0.2,2,0.5,0.00182496815995
19,0.07,0.2,2,0.6,0.00132774192652
19,0.07,0.2,2,0.7,0.00089928333867
19,0.07,0.2,2,0.8,0.000535735942315
19,0.07,0.2,2,0.9,0.000230703472757
19,0.07,0.2,2,1,7.25308514415e-24
19,0.07,0.2,2,1.1,2.65356423389e-119
19,0.07,0.2,2,1.2,6.09523911562e-198
19,0.07,0.2,2,1.3,1.04667553991e-263
19,0.07,0.2,2,1.4,1.67216517834970e-319
19,0.07,0.2,2,1.5,4.31319308819408e-321
19,0.07,0.2,2,1.6,4.43176884319598e-321
19,0.07,0.2,2,1.7,3.79442416006077e-321
19,0.07,0.2,2,1.8,2.23317671920243e-321
19,0.07,0.2,2,1.9,2.93969059275542e-321
19,0.07,0.2,2,2,2.30234590962021e-321
19,0.07,0.2,2,2.1,2.03555046086594e-321
19,0.07,0.2,2,2.2,2.91004665400494e-321
19,0.07,0.2,2,2.3,1.52666284564945e-321
19,0.07,0.2,2,2.4,1.53654415856628e-321
19,0.07,0.2,2,2.5,1.53160350210786e-321
19,0.07,0.2,2,2.6,1.24504542751994e-321
19,0.07,0.2,2,2.7,1.22528280168629e-321
19,0.07,0.2,2,2.8,1.17587623710217e-321
19,0.07,0.2,2,2.9,8.25089628554882e-322
19,0.07,0.2,2,3,9.93071948140906e-322
